comment,polarity
ржЕрж╕рж╛ржзрж╛рж░ржг рж▓рж╛ржЧрж▓рзЛ boss ржПрж░ржХржо ржирж╛ржЯржХ ржЖрж░рзЛ ржЪрж╛ржЗ....?,1
ржнрж╛рж▓рзЛ  рж▓рж╛ржЧржЫрзЗ,1
ржорж╛ ржмрж╛ржмрж╛рж░ ржнрж╛рж▓ржмрж╛рж╕рж╛рж░ ржХрж╛ржЫрзЗ ржирж┐ржЬрзЗрж░ ржнрж╛рж▓ржмрж╛рж╕рж╛ ржПржнрж╛ржмрзЗржЗ рж╣рж╛рж░рж┐рзЯрзЗ ржпрж╛рзЯ......,1
ржирж╛ржЯржХрзЗ ржирж┐рж╢рзЛ ржнрж╛ржЗрзЯрзЗрж░ ржирж╛ржорж╛ржп ржкрзЬрж╛рж░ ржмрж┐рж╖рзЯржЯрж╛ ржХрж┐ржирзНрждрзБрзБ ржЖржорж╛рж░ ржХрж╛ржЫрзЗ ржнрзАрж╖ржи ржнрж╛рж▓рзЛ рж▓рж╛ржЧржЫрзЗ ,1
ржЕржирзЗржХ ржнрж╛рж▓рзЛ рж▓рж╛ржЧрж▓рзЛ ,1
рждрж┐рж╢рж╛рж░ ржжрзБржз ржмржб рж╣рзЯрзЗ ржЧрзЗрж╕рзЗ,0
ржоржЬрж╛ ржкрж╛рзЯрж▓рж╛ржо ржЖржорж╛рж░ ржПржЦржирж┐ржЗ ржмрж╛ржЪрзНржЪрж╛ рж▓рж╛ржЧржмрзЗ,1
ржжрж╛рж░рзБржи ржмрж╕ ,1
ржЕржкрзВрж░рзНржмрж░ ржирж╛ржЯржХ ржЖржорж╛рж░ ржЦрзБржм ржнрж╛рж▓рзЛ рж▓рж╛ржЧрзЗ,1
just wowржЕрж╕рж╛ржзрж╛рж░ржи ржПржХржЯрж╛ ржирж╛ржЯржХ,1
ржЦрзБржмржЗ ржЦрзБржмржЗ ржнрж╛рж▓ ржЖрж░ ржХрж┐ржЫрзБ ржмрж▓рж╛рж░ ржирзЗржЗ! Lovely,1
рж╕рзЗржЗ рж░ржХржо ржЧрзБрж╣рзБрж░ ржжрзЗржЗрждрзЗ ржЪрж╛ржЗ  рждрж╛ржХрзЗ ржжрж┐рзЯрзЗржЧрзБрж╣рзБрж░,0
ржЕржирзЗржХ ржзржирзНржпржмрж╛ржж ржПрждрзЛ рж╕рзЛржиржжрж░ ржЧрж╛ржи ржЙржкрж╣рж╛рж░ ржжрзЗрзЯрж╛рж░ ржЬржирзНржп ржзржирзНржпржмрж╛ржж ржорж┐ржирж╛рж░ ржнрж╛ржЗ ржХрзЗ,1
ржЦрзБржм ржнрж╛рж▓рзЛ рж▓рзЗржЧрзЗржЫрзЗ ,1
ржорзЛрж╢рж╛рж░рж░ржл ржХрж░рж┐ржорзЗрж░ рж╢рзЗрж╖рзЗрж░ рж╢рзБрж░рзБ ,0
ржирж╛ржорж╛ржЬрзЗрж░ ржжрзГрж╢рзНржп ржжрзЗржЦрзЗ ржнрж╛рж▓рзЛ рж▓рж╛ржЧрж▓рзЛ,1
ржЕрж╕рзНрж╣рж┐рж░ ржирж╛ржЯржХ ржмрж╛рж╕рзНрждржм ржХрж╛рж╣рж┐ржирзА ржПржЗ ржИржжрзЗрж░ рж╕рзЗрж░рж╛ ржирж╛ржЯржХ ,1
рж╕рждрзНржпрж┐ ржмрж▓рждрзЗ ржЕрж╕ржзрж╛рж░ржи! ржЕржкрзВрж░рзНржмрж░ рж╕ржм ржирж╛ржЯржХ ржжрзЗржЦрж╛рж░ ржорждрзЛ ! All the best   ржЕржкрзВрж░рзНржм,1
рж╢рж╛рж╣рж╛ржирж╛ржЬ ржЦрзБрж╢рж┐рж░ ржкрзБрж░рзЛ ржкрж░рж┐ржмрж╛рж░ ржПржЗ ржирж╛ржЯржХрзЗ ржЖржЫрзЗ ржорзЗржЬ ржнрж╛ржЗ ржпрж┐ржирж┐ ржУржирж┐ рж╢рж╛рж╣рж╛ржирж╛ржЬ ржЦрзБрж╢рж┐рж░ рж╕рзНржмрж╛ржорзА ржЖрж░ ржпрзЗ ржжрзБржЗржЬржи ржнрж╛ржЗржпрж╝рзЗрж░ ржЫрзЗрж▓рзЗ ржУрж░рж╛ рждрж╛рж░ ржирж┐ржЬрзЗрж░ ржЬржоржЬ ржЫрзЗрж▓рзЗ     рждрж╛рж░рж╛ ржмрж╛рж╕рзНрждржмрзЗ ржЦрзБржм рж╕рзБржЦрзА ржкрж░рж┐ржмрж╛рж░,1
ржнрж╛рж▓рзЛ ржЫрж┐рж▓рзЛ   ржЗржирзНржбрж┐ржВржЯрж╛ржУ ржжрж╛рж░рзБржи ржЬрж╛рзЯржЧрж╛рзЯ ржХрж░рзЗржЫрзЗ  ,1
рж╕рж╛ржЙржирзНржб ржХрзЛрзЯрж╛рж▓рж┐ржЯрж┐ ржЦрзБржмржЗ ржЦрж╛рж░рж╛ржк,0
ржЕрж╕ржо ржПржХржЯрж╛ ржирж╛ржЯржХ ржпрж╛рж░ ржкрж╛рж░рзНржЯ ржПржХ ржмрж╛ ржжрзБржЗ ржжрзБржЯрзЛржЗ рж╕рзБржирзНржжрж░  ,1
рж╕рждрзНржпрж┐ ржЕрж╕рж╛ржзрж╛рж░ржи,1
ржЖрж╕рж╕рж╛рж▓рж╛ржорзБ ржЖрж▓рж╛ржЗржХрзБржо ржмржирзНржзрзБрж░рж╛ ржХрзЗржоржи ржЖржЫрзЗржи рж╕ржмрж╛ржЗ┬а┬а┬а  ┬а┬а Only me ржирж╛ржЯржХржЯрж┐рж░ ржкрж┐ржЫржирзЗ ржЖржорж╛ржжрзЗрж░ рж╕ржорзНржкрзБрж░рзНржи ржЯрж┐ржо ржЕржирзЗржХ ржкрж░рж┐рж╢рзНрж░ржо ржжрж┐рзЯрзЗржЫрзЗ  ржЖрж╢рж╛ ржХрж░ржЫрж┐ ржЖржкржирж╛ржжрзЗрж░ ржХрж╛ржЫрзЗ ржнрж╛рж▓рзЛ рж▓рж╛ржЧржмрзЗ  ржЖрж░ ржЕржмрж╢рзНржпржЗ ржЖржорж╛ржжрзЗрж░ рж╕ржмрж╛рж░ ржЬржирзНржп ржЖржкржирж╛рж░рж╛ ржжрзЛрзЯрж╛ рж░рж╛ржЦржмрзЗржи ржпрж╛рждрзЗ ржХрж░рзЗ ржЕржжрзВрж░ ржнржмрж┐рж╖рзНржпрждрзЗ ржЖржкржирж╛ржжрзЗрж░ ржЖрж░ржУ рж╕рзБржирзНржжрж░ ржХрж╛ржЬ ржЙржкрж╣рж╛рж░ рж╣рж┐рж╕рзЗржмрзЗ ржжрж┐рждрзЗ ржкрж╛рж░рж┐  ржнрж╛рж▓рзЛ ржерж╛ржХржмрзЗржи рж╕ржмрж╛ржЗ  ржзржирзНржпржмрж╛ржж  ржнрж╛рж▓рзЛржмрж╛рж╕рж╛ ржЕржмрж┐рж░рж╛ржо ,1
ржЖржорж┐ ржЕржирзЗржХ рж░рж╛ржд ржЬрзЗржЧрзЗ ржПржЗ ржирж╛ржЯ ржЯрж╛ ржжрзЗржЦрзЗржЫрж┐ рж▓рж╛ржЗржлрзЗ ржпрждржЯрж╛ ржирж╛ржЯржХ ржУ ржЕржирзНржпрзЯржи ржмрж╛ ржЕржирзЗржХ ржнрж╛рж▓рзЛ ржХрж┐ржЫрзБ ржжрзЗржЦрзЗржЫрж┐ рждрж╛рж░ ржоржзрзНржпрзЗ ржЕржкрзБрж░рзНржм ржнрж╛ржЗрзЯрзЗрж░ ржПржЗ ржирж╛ржЯржХ ржЯрж╛ ржЕржирзЗржХ ржнрж╛рж▓рзЛ ржПржмржВ ржкржЬрж┐ржЯрж┐ржн рж╕ржорж╛ржЬржХрзЗ ржмржжрж▓рж╛ржирзБрж░ ржЬржирзНржи ржПрж░ржХржо ржирж╛ржЯржХ ржЕржирзЗржХ ржкрзНрж░рзЯрзЛржЬржи ржпржжрж┐ржУ ржмрж╛ ржирж╛ржЯржХ ржЯрж╛ ржЕржирзЗржХ ржЖржЧрзЗ ржХрж░рж╛ рж╣ржЗрзЯрзЗржЫрзЗ рж╕ржорзЯрзЗрж░ ржХрж╛рж░ржирзЗ ржжрзЗржЦрж╛ рж╣рж▓рзЛржирж╛ ржЖрж╢рж╛ рж░рж╛ржХрж┐ ржЖржЧрж╛ржорж┐ рждрзЗ ржУ ржПрж░ржХржо ржнрж╛рж▓рзЛ ржХрж┐ржЫрзБ ржкрж╛ржмрзЛ ржпрж╛рж╣рж╛ ржмрж░рзНрждржорж╛ржи рж╕ржорж╛ржЬрзЗрж░ ржПрзЯрж╛ржВржХ ржпрзЗржирж╛рж░рзЗрж╕ржи ржжрзЗрж░ ржХрж┐ржЫрзБржЯрж╛ рж╣рж▓рзЗ ржзрзВрж▓рж╛ ржжрзЗржмрзЗ  so very very nice.                                           ржЖржорж┐ ржУржорж╛ржи ржкрзНрж░ржнрж╛рж╕рж┐ ,1
ржЦрзБржм ржЦрзБржм ржмрзЗ рж╕рж┐ ржмрзЗ рж╕рж┐ ржнрж╛рж▓ ржирж╛ржЯржХ,1
ржПржЗ ржорж╛ржЧрж┐рж░ ржкрзЛрж▓рж╛рж░рж╛ ржирж╛ржЯржХрзЗрж░ рж╕рж╛ржЙржирзНржб ржХржЗ ржорж┐ржЙржЬрж┐ржХ ржжрж┐рзЯрзЗ рж░рж╛ржЦржЫрж╕ ржХрж╛рж░рзЛ ржХржерж╛ ржмрж╛рж░рзНрждрж╛ ржирж╛ржЗ   ржЦрж╛ржиржХрж┐рж░ ржкрзЛрж▓рж╛рж░рж╛ рждрзЛржжрзЗрж░ ржорж┐ржбрж┐рзЯрж╛рждрзЗ ржХрж╛ржЬ ржХрж░рждрзЗ ржХрзЗ ржмрж▓рзЗржЫрзЗ ржпрж╛ рж╢рж╛рж▓рж╛рж░рж╛ ржЧрзБрж░рзБ ржЪрзЬрж╛рждрзЗ  ,0
ржЕржмрзБржЭ  ржжрж┐ржирзЗрж░ ржЧрж▓рзНржк ржирж╛ржХржЯрж┐ ржПрждрзЛ ржнрж╛рж▓ рж▓рзЗржЧрзЗржЫрзЗ ржпрж╛ ржнрж╛рж╖рж╛рзЯ ржкрзНрж░ржХрж╛рж╢ ржХрж░рж╛ ржпрж╛ржмрзЗ ржирж╛,1
ржирж╛ржЯржХ ржЯрж╛ ржЬрзЛрж╢ ржЫрж┐рж▓__рж▓рж╛ржЗржХ рж╣ржмрзЗ,1
рж╕рждрзНржпрж┐ржЗ ржЕрж╕рж╛ржзрж╛рж░ржи ржирж╛ржЯржХ,1
ржЕржирзЗржХ ржнрж╛рж▓рзЛ рж▓рж╛ржЧрж▓рзЛ ржирж╛ржЯржХ ржЯрж╛,1
ржЕрж╕рж╛ржзрж╛рж░ржг ржПржХржЯрж┐ ржирж╛ржЯржХ рж╢рж╛ржорзАржо ржУ рж╕рж╛ржмрж┐ржирж╛ ржирзВрж░ ржЕржнрж┐ржиржпрж╝ржЯрж╛ ржнрзЗрж░рж┐ ржирж╛ржЗрж╕,1
ржкрж╛ржмрж▓рж┐ржХ ржкрзЗржЬрзЗ рж▓рзЗржВрж▓рж╛ржЯрж╛ ржмрж╛рж╣рж┐рж░ рж╣рж▓рзЗ problem рж╣рзЯ ржирж╛ ржХрж┐ржирзНрждрзБ рждрж╛ ржХрзЗржЙ ржбрзЗржХрзЗ ржжрж┐рж▓рзЗ рж╕рзЗржЗ рж▓рзЛржХ ржЯрж╛ ржЦрж╛рж░рж╛ржк,0
ржирж╛ржорж╛ржЬржХрзЗ ржкрзНрж░рж╛ржзрж╛ржирзНржп ржжрж┐рзЯрзЗржЫрзЗ ржПржЯрж╛ ржЕржирзЗржХ ржнрж╛рж▓рзЛ рж▓рзЗржЧрзЗржЫрзЗ ,1
ржЕрж╕рж╛ржзрж╛рж░ржг ржирж╛ржЯржХ,1
ржЕрж╕рж╛ржзрж╛рж░ржг ржирж╛ржЯржХ ржирж┐рж╢рзЛ рждрж╛ржиржЬрж┐ржи рждрж┐рж╕рж╛рж░  ржЕржнрж┐ржирзЯ ржЦрзБржм ржнрж╛рж▓рзЛ,1
ржПржЗ ржирж╛ржЯржХрзЗ ржбрж┐рж╕рж▓рж╛ржЗржХ ржжрзЗрзЯрж╛ ржкрзНрж░рждрж┐ржмржирзНржзрзА ржжрзЗрж░ ржЬржжрж┐ рззржмрж╛рж░ ржжрзЗржЦрж╛рж░ рж╕ржЬрзБржЧ рж╣ржЗржд,0
ржЕрж╕рж╛ржзрж╛рж░ржи ржнрж╛ржЗ   ржмрж┐рж╢рзЗрж╖ ржХрж░рзЗ ржирж╛ржорж╛ржЬ ржкрзЬрж╛рж░ ржмрж┐рж╖рзЯржЯрж╛,1
ржнрж╛рж▓ ржирж╛ржЯржХ ржЕржнрж┐ржиржирзНржжржи ржЖржкржирж╛ржХрзЗ рж╕рзБржирзНржжрж░ ржирж╛ржЯржХ ржЙржкрж╣рж╛рж░ ржжрзЗрзЯрж╛рж░ ржЬржирзНржп ,1
ржкрзНрж░ржержорзЗржЗ ржкрж░рж┐ржЪрж╛рж▓ржХржХрзЗ ржЕржирзЗржХ ржзржирзНржпржмрж╛ржж ржПржд рж╕рзБржирзНржжрж░ ржПржХржЯрж╛ ржирж╛ржЯржХ ржЙржкрж╣рж╛рж░ ржжрзЗрзЯрж╛рж░ ржЬржирзНржп ржмрзЗрж╢рж┐рж░ ржнрж╛ржЧ ржирж╛ржЯржХрзЗ ржЖржорж░рж╛ ржЕржнрж┐ржирзЗрждрзНрж░рзА-ржЕржнрж┐ржирзЗрждрж╛рж░ ржЫрзНржпрж╛ржмрж▓рж╛ржорж┐ ржжрзЗржЦрж┐   рж╕рзЗ рждрзБрж▓ржирж╛рзЯ ржПржЯрж╛ ржПржХржЯрзБ ржЖрж▓рж╛ржжрж╛  ржПржЗ ржирж╛ржЯржХрзЗ рж╣рж╛рж╕рж┐  ржЖржиржирзНржж -ржмрзЗржжржирж╛рж░ ржЫрж╛рзЬрж╛ржУ ржПржХржЯрж╛ ржмрж╛рж░рзНрждрж╛ ржЖржЫрзЗ ржпрж╛ ржЕржирзНржп рж╕ржм ржирж╛ржЯржХрзЗ ржжрзЗржЦрж╛ ржпрж╛рзЯржирж╛ ржкрж░рж┐рж╢рзЗрж╖рзЗ рж╢рзБржнржХрж╛ржоржирж╛ рж░ржЗрж▓ ,1
ржирж╛ржЯржХржЯрж╛ ржЦрзБржм рж╕рзБржирзНржжрж░ рж╣ржпрж╝рзЗржЫрзЗ,1
ржЕржирзЗржХ  ржЕржирзЗржХ ржЕржирзЗржХ ржнрж╛рж▓рзЛ рж▓рж╛ржЧрж╛рж░ ржорждрзЛ ржирж╛ржЯржХ  ржмрж┐рж╢рзЗрж╖ ржХрж░рзЗ ржирж╛ржорж╛ржЬрзЗрж░ ржХржерж╛ржЯрж╛ ржмрж▓рж╛рзЯ ржЕржирзЗржХ ржнрж╛рж▓рзЛ ржЫрж┐рж▓рзЛ ,1
ржорж┐рж╢рзБ ржнрж╛ржЗ ржЕрж╕рж╛ржзрж╛рж░ржг рж╕рзБржкрж╛рж░,1
ржкрж╛ржЧрж▓ ржЫрж╛ржЧрж▓,0
ржнрж╛ржЗ ржнрж╛рж▓рзЛ рж╣рзЯ ржирж╛ржЗ  ржирж┐рж╢рзЛ ржнрж╛ржЗ ржПрж░ржХржо ржирж╛ржЯржХ ржХрж░ржмрзЗржи ржирж╛  ржХрзЛржи ржЧрж▓рзНржк рж╣рж▓рзЛ ржПржЯрж╛  ржнрж┐рждрзНрждрж┐рж╣рзАржи ,0
ржЕрж╕рж╛ржзрж╛рж░ржг  ржПрж░ржХржо ржирж╛ржЯржХ рж╕ржм рж╕ржорзЯ ржЪрж╛ржЗржПрж░ ржЖржЧрзЗрж░ ржЯрж╛ ржУ ржжрзЗржЦрзЗржЫрж┐     рж░рж┐рж╕рж░рзНржЯржЯрж╛ ржЕржирзЗржХ ржнрж╛рж▓рзЛ рж▓рж╛ржЧржЫрзЗржжрзЯрж╛ ржХрж░рзЗ ржмрж▓ржмрзЗржи ржХрж┐ ржПржЗ рж░рж┐рж░рзНрж╕ржЯ ржЯрж╛ ржХрзЛржерж╛рзЯ???,1
ржЕрж╕рж╛ржзрж╛рж░ржг ржирж╛ржЯржХ,1
ржЕржирзЗржХ ржнрж╛рж▓ рж▓рж╛ржЧржЫрзЗ ржжрзЗржЦрзЗ ржирж╛ржЯржХржЯрж┐,1
ржЬрж╛рждрж┐ ржзрзНржмржВрж╕рзЗрж░ ржЬржирзНржп ржПржоржи ржирж╛ржЯржХ ржЦрзБржм ржкрзНрж░рзЯрзЛржЬржи.,0
ржЕрж╕рж╛ржзрж╛рж░ржг ржирж╛ржЯржХ,1
ржЕржирзЗржХ рж╕рзБржирзНржжрж░,1
ржЬрзЛрж╢ ржПржХржЯрж╛ ржирж╛ржЯржХ  ржкрж░рж┐ржЪрж╛рж▓ржХржХрзЗ ржзржирзНржпржмрж╛ржж ржПрж░ржХржо ржнрж╛рж▓рзЛ ржорж╛ржирзЗрж░ ржЧрж▓рзНржкрж╕ржорзГржжрзНржз ржирж╛ржЯржХ ржЙржкрж╣рж╛рж░ ржжрзЗржУрзЯрж╛рж░ ржЬржирзНржп ,1
рж╕рждрзНржпрж┐ржХрж╛рж░рзЗрж░ ржмрзЗрзЯрж╛ржжржк ржЧрзБрж▓рж╛ ржПржд рж╕рзБржирзНржжрж░ рж╢рж┐ржХрзНрж╖ржгрзАрзЯ ржирж╛ржЯржХрзЗ ржЖржирж▓рж╛ржЗржХ ржжрж┐рзЯрзЗржЫрзЗ  ржЕрж╕рж╛ржзрж╛рж░ржг ржПржХржЯрж╛ ржирж╛ржЯржХ ржжрзЗржЦрж▓рж╛ржо,1
ржмрж╛рж▓рзЗрж░ ржирж╛ржЯржХ     ржЖржмрж╛рж▓ржЪрзЛржжрж╛ ржирж╛ржЯржХ,0
рж░рж┐рзЯрж╛ржЬ ржнрж╛ржЗ ржорж╛ржирзЗржЗ ржЕрж╕рж╛ржзрж╛рж░ржи ржирж╛ржЯржХ     ,1
ржХрж┐ ржмрж▓ржмрзЛ!! ржЕрж╕рж╛ржзрж╛рж░ржи рж▓рж╛ржЧрж▓рзЛ!!ржЕржирзЗржХржжрж┐ржи ржкрж░ ржПржд рж╕рзБржирзНржжрж░ ржПржХржЯрж╛ ржирж╛ржЯржХ ржжрзЗржЦрж▓рж╛ржо.... ржЕрж╕ржВржЦрзНржп ржзржирзНржпржмрж╛ржж  ржорж┐ржЬрж╛ржирзБрж░ рж░рж╣ржорж╛ржи ржЕрж╛рж░рж┐рзЯрж╛ржи  рж╕рж╛рж╣рзЗржм ржХрзЗ... ржПржд рж╕рзБржирзНржжрж░ ржирж╛ржЯржХ ржЙржкрж╣рж╛рж░ ржжрзЗржУрзЯрж╛рж░ ржЬржирзНржп... ржирж┐рж╢рзЛ ржмрж╕рзН & ржорзЗрж╣рзНржЬрж╛ржмрж┐ржи ржПрж░ ржХржерж╛ ржЖрж░ ржХрж┐ ржмрж▓ржмрзЛ!! ржмрж░рж╛ржмрж░рзЗрж░ ржорждржЗ рж╢рзЗрж░рж╛,1
ржирж╛ржЯржХрзЗ ржПржоржи ржнрзБрж▓ржнрж╛рж▓ ржЗржВрж▓рж┐рж╢ рж╕рзНржХрзНрж░рж┐ржкрзНржЯ ржжрзЗрзЯ ржХрзНржпрж╛ржоржирзЗ? It don't goes with you ржЗржВрж▓рж┐рж╢ ржПрж░ ржорж╛рзЯрж░рзЗ ржмрж╛ржк,0
ржбрж┐рж░рзЗржХрзНржЯрж░рзЗрж░ ржЪрзЗрж╖рзНржЯрж╛рж░ ржХржорждрж┐ ржЖржЫрзЗ  ржЖрж░рзЛ ржнрж╛рж▓рзЛ рж╣рждрзЗ ржкрж╛рж░рждрзЛ ржЧрж▓рзНржкржЯрж╛  ржмрзЗрж╕рзНржЯ ржлрзНрж░рзЗржирзНржб ржХрж┐ рждрж╛рж░ ржлрзЗрж╕ржмрзБржХ ржЖржЗржбрж┐рждрзЗ ржирж╛ржЗ? ржмрж┐рзЯрзЗрж░ ржЫржмрж┐ржУ ржжрзЗржЦрзЗ ржирж╛ржЗ? ржкрзБрж░рж╛ ржмрж╛рж╕рж╛рзЯ ржмрж┐рзЯрзЗрж░ ржЫржмрж┐ ржирж╛ржЗ?! ржПрждржжрж┐ржи ржкрзНрж░рзЗржо ржХрж░рзЗржЫрзЗ ржлрзЗрж╕ржмрзБржХ ржЖржЗржбрж┐ ржЬрж╛ржирзЗржирж╛  ржУрзЯрж╛ржУ! ржЖржмрж╛рж░ рж╣рж╛рж╕ржмрзНржпрж╛ржирзНржб ржПрж░ ржЖржЗржбрж┐рждрзЗ ржУрзЯрж╛ржЗржл ржирж╛ржЗ?! ржУрзЯрж╛ржУ! ржПржЫрж╛рзЬрж╛ржУ ржЖрж░рзЛ ржЕржирзЗржХ ржлрж╛ржБржХ ржлрзЛржБржХрж░ рж░рзЯрзЗ ржЧрзЗржЫрзЗ  рж╣рзНржпрж╛ рж╕ржмржЗ ржмрж╛рж╕рзНрждржмрж╕ржорзНржоржд рж╣ржмрзЗ рж╕рж┐ржирзЗржорж╛ ржирж╛ржЯржХрзЗ рждрж╛ ржПржХрзНрж╕ржкрзЗржХрзНржЯ ржХрж░рж┐ржирж╛  рждржмрзЗ рж╕рзНржерзБрж▓ ржнрзБрж▓ржЧрзБрж▓рзЛ рж╢рзЛржзрж░рж╛ржирзЛ ржЙржЪрж┐ржд ржЫрж┐рж▓рзЛ ,0
ржПржЗржЦрж╛ржирзЗ ржХрж┐  рждрзНрж░рж┐рж░рж╛ржиржмрж┐рждрж░ржг ржХрж░рзНржорж╕рзВржЪрж┐ ржЪрж▓рждрж╛рж╕рзЗ ржнрж╛рж▓рзЛ рж╕рж┐рж▓рзЛ. ..,1
ржЖржорж╛рж░ ржжрзЗржЦрж╛ ржПржЗ ржИржжрзЗрж░ рж╕ржмржЪрзЗржпрж╝рзЗ  рж╕рзБржирзНржжрж░  ржирж╛ржЯржХ,1
ржПржХ ржХржерж╛рзЯ ржЕрж╕рж╛ржзрж╛рж░ржи,1
ржЖржлрж░рж╛ржи ржирж┐рж╢рзБржХрзЗ ржЯрзБржкрж┐ ржжрж┐ржпрж╝рзЗ ржЦрзБржмржЗ ржнрж╛рж▓рзЛ рж▓рж╛ржЧржЫрзЗ   ,1
ржнрж╛рж▓рзЛ рж╣ржпрж╝рзЗржЫрзЗ ржирж╛ржЯржХржЯрж┐ ,1
ржЖржЬ ржХрж╛рж▓ Ttiktok ржП ржкрзЛрж▓рж╛-ржкрж╛ржЗржирзЗ ржЕржирзЗржХ ржнрж╛рж▓ ржЕржнрж┐ржирзЯ ржХрж░рзЗ..... ! ржХрж╛ржЪрзНржЪрж┐-ржЦрзЛрж░ ржПржХржжржо ржлрж╛рж▓рждрзБ....,0
ржмрж╛рж▓ ржирж╛ржЯржХ,0
ржПржд ржерж╛рж░рзНржбржХрзНрж▓рж╛рж╕ ржирж╛ржЯржХ ржХрж┐ржнрж╛ржмрзЗ ржмрж╛ржирж╛рзЯ ,0
ржпржжрж┐ ржмрзЗрзЯрж╛ржжржм рж╣рждрзЗ ржЪрж╛ржУ   рждржмрзЗ ржЖржорж╛рж░ ржжрзЗржЦрж╛ ржПржЗ ржкрзНрж░рж┐рзЯ ржирж╛ржЯржХржЯрж┐ ржжрзЗржЦрзЗ рж╢рж┐ржЦрзБржи   ржЦрзБржм ржжрж╛рж░рзБржг ржирж╛ржЯржХ    ,1
ржнрж╛рж▓ржмрж╛рж╕рж╛ ржЕржмрж┐рж░рж╛ржо  рждрж╛ржиржЬрж┐ржи рждрж┐рж╕рж╛,1
ржХрж┐ ржмрж╛рж▓рзЗрж░ ржХрж╛рж╣рж┐ржирж┐ ржмрзБржЭрж▓рж╛ржо ржирж╛???????,0
рж╕рж╛ржЙржирзНржб ржПрж░ ржХрж╛рж░ржирзЗ ржоржЬрж╛рж░ ржирж╛ржЯржХржЯрж╛рж░ ржмрж╛рж░рзЛржЯрж╛ ржмрзЗржЬрзЗ ржЧрзЗржЫрзЗ  ржорж╛ржЭрзЗ ржоржзрзНржпрзЗ рж╢рзЛржирж╛ ржпрж╛рзЯржирж╛  ржорж╛ржЭрзЗ ржоржзрзНржпрзЗ ржХрж╛ржи ржлрзЗржЯрзЗ ржпрж╛рзЯ,0
ржПржХ ржХржерж╛рзЯ ржЕрж╕рж╛ржзрж╛рж░ржг ржЖрж░рж┐рзЯрж╛ржи ржнрж╛ржЗрзЯрзЗрж░    ржирж╛ржЯржХ ржорж╛ржирзЗржЗ ржЕржирзНржп рж░ржХржо ржХрж┐ржЫрзБ,1
ржПржЗ рж░ржХржо ржирж╛ржЯржХ ржЖрж░рзЛ ржжрзЗржЦрждрзЗ ржЪрж╛ржЗ ржЖржорж╛ржжрзЗрж░ ржЕрж╕рзБрж╕рзНрже рж╕ржорж╛ржЬ ржХрзЗ рж╕рзБрж╕рзНрже ржПржмржВ рж╕рзБржирзНржжрж░ ржзрж╛рж░рж╛ржпрж╝ ржлрж┐рж░рзЗ ржЖржирждрзЗ ржЕржирзЗржХ ржкрзНрж░ржпрж╝рзЛржЬржи       ,1
ржорзЛрж╢рж╛рж░ржл ржХрж░рж┐ржорзЗрж░ ржоржд ржПржХржЬржи ржЖрж░рзНржЯрж┐рж╕рзНржЯрзЗрж░ ржПржЗ ржЬрж╛рждрзАржпрж╝ ржирзЛржВрж░рж╛ржорж┐рж░ ржарж╛ржЯрзНржЯрж╛ ржорж╢ржХрж░рж╛ ржпрзБржХрзНржд ржзрж┐ржХрзНржХрж╛рж░ ржЬржиржХ ржЕрж░рзБржЪрж┐ржХрж░ ржирж╛ржЯржХрзЗрж░ ржерзЗржХрзЗ ржирж┐ржЬрзЗржХрзЗ ржмрж┐рж░ржд рж░рж╛ржЦрж╛ ржЙржЪрж┐ржд ,0
ржнрж╛рж▓ рж▓рж╛ржЧрж▓рзЛ ,1
ржЕрж╕рж╛ржзрж╛рж░ржг ржирж╛ржЯржХржЯрж┐,1
ржмрж╛ржВрж▓рж╛ ржирж╛ржЯржХ рж╕ржмржЪрзЗрзЯрзЗ рж╕рзЗрж░рж╛ ржирж╛ржЯржХ  ржЕржирзНржп ржХрзЛржи ржжрзЗрж╢рзЗ ржПржоржи рж╕рзБржирзНржжрж░ржирж╛ржЯржХ рждрзИрж░рзА ржХрж░рждрзЗ ржкрж╛рж░рзЗ ржирж╛ ржХрзЗ ржХрзЗ ржПржХржоржд??? рж▓рж╛ржЗржХ ржУ ржХржорзЗржирзНржЯ ржХрж░рзЗ ржЬрж╛ржирж┐ржпрж╝рзЗ ржжрзЗржУ,1
ржмрж┐рж░рж┐ ржмрж┐рж░рж┐ ржирж╛ржЗржЫ ржЦрзБржм ржнрж╛рж▓рзЛ рж▓рж╛ржХржЫрзЗ ржмрж┐рж░рж┐ ржирж╛ржЗржЫ ржирж┐рж╢рзЛ ржнрж╛ржЗ,1
рж╢рзЗрж╖рзЗрж░ ржЕржВрж╢ ржЯрж╛ ржнрж╛рж▓рзЛ рж╣рзЯ ржирж╛ржЗ,0
ржЕржкрзЗржХрзНрж╖рж╛рзЯ ржЫрж┐рж▓рж╛ржо   ржирж╛ржЯржХ ржЯрж┐ ржЕржирзЗржХ рж╕рзБржирзНржжрж░ рж╣ржЗржЫрзЗ,1
ржЕрж╕рж╛ржзрж░ржи рждрж╛ржЫржирж┐ржи рждрж┐рж╢рж╛рж░ ржЕржнрж┐ржирзЯ ржнрж╛рж▓рзЗрж╛ рж▓рж╛ржЧржЫрзЗ ,1
ржПржмржЫрж░рзЗрж░ ржлрж╛рж▓рждрзБ ржирж╛ржЯржХ ржПржЯрж╛   ржлрж╛ржЬрж▓рж╛ржорзАрж░ржПржХржЯрж╛ ржпрж╛рзЯржЧрж╛ ржЖржЫрзЗ ржПржЯрж╛ ржХрж┐ржЫрзБ рж╣рж▓рзЗрж╛!ржЕржлрж┐рж╕рзЗрж░ рж╕рзНржпрж╛рж░рзЗрж░рж╕рж╛ржерзЗ ржПрж░ржХржо ржмрзНржпрж╛ржмрж╣рж╛рж░ ржЕржнрж┐ржирзЯ ржПржХрзЗржмрж╛рж░рзЗ ржлрж╛рж▓рждрзБ ржирж╛рзЯрж┐ржХрж╛рж░,0
ржПржХ ржХржерж╛рзЯ ржЕрж╕рж╛ржзрж╛рж░ржг ржПржХ ржирж╛ржЯржХ  ржкрзНрж░ржержо ржЕржВрж╢ ржПрждржЯрж╛рзЯ ржорзБржЧрзНржз ржХрж░рзЗржЫрзЗ ржмрж▓рж╛рж░ ржоржд ржирж╛ ,1
Overall good but..... рззрзж ржмржЫрж░рзЗ ржЫрзЗрж▓рзЗ ржХрж▓рзЗржЬрзЗ.....seriously!!!,1
ржЕрж╕рж╛ржзрж╛рж░ржи ржПржХржЯрж┐ ржирж╛ржЯржХ ,1
ржЖрж░рж┐ржлрж┐ржи ржнрж╛ржЗржПрж░ ржирж╛ржЯржХ ржЧрзБрж▓рж╛ рж╕рждрзНржпрж┐ржЗ ржЦрзБржм ржЪржорзОржХрж╛рж░ ,1
ржЦрзБржмрж┐ржЗ ржЙржкржнрзЛржЧрзНржп ржПржХржЯрж┐ ржирж╛ржЯржХ ржкрзБрж░рзЛ ржирж╛ржЯржХрзЗ ржЧрзНрж░рж╛ржорзЗрж░ ржЖржмрзЗрж╢ ржЫрж┐рж▓ ржЦрзБрж╢рж┐ ржЖржкрж╛ рж╕рзЗржЗ ржзржирзНржпржмрж╛ржж ,1
ржЦрзБржм ржЦрзБржм рж╕рзБржиржжрзЛрж░ ржнрж┐ржбрж┐ржУ  ржирж╛ржЗрж╕,1
ржЬрж╛рж╕рзНржЯ ржЕрж╕рзНржерж┐рж░ рж╣ржЗржЫрзЗ ржирж╛ржЯржХржЯрж╛  ржЦрзБржм ржнрж╛рж▓рзЛ рж▓рзЗржЧрзЗржЫрзЗ ,1
рж╕рзБржирзНржжрж░ ржХрж░рзЗ ржХржерж╛ ржмрзБржЭрж┐рзЯрзЗ ржмрж▓рж╛ ржПржХржЯрж┐ ржирж┐рзЯржорзЗрж░ ржоржзрзНржпрзЗ ржЪрж▓рж╛ржлрзЗрж░рж╛ ржХрж░рж╛ ржирж┐рзЯржо ржорзЗржирзЗ ржкрж░рж┐рж╢рзНрж░ржо ржХрж░рж╛ ржЖрж░ ржкрж╛рж╢рзЗ ржПржХржЬржи ржнрж╛рж▓ ржжрж┐ржХ ржирж┐рж░рзНржжрзЗрж╢ржХ ржкрж╛ржУрзЯрж╛ ржЖрж░ ржирж┐ржЬрзЗ ржерзЗржХрзЗ ржЪрзЗрж╖рзНржЯрж╛ ржЕржирзЗржХ ржХрж┐ржЫрзБржЗ ржмржжрж▓рзЗ ржжрж┐рждрзЗ ржкрж╛рж░рзЗ!!ржХрж╛ржЬ ржХрж┐ржВржмрж╛ ржорж╛ржирзБрж╖ рж╕ржмржХрж┐ржЫрзБржХрзЗ рж╕ржорзНржорж╛ржи ржжрзЗржУрзЯрж╛ ржЙржЪрж┐рзО  ржЖрж░ рж╕рзЗ рж╕ржорзНржорж╛ржиржмрзЛржз ржЕржирзЗржХ рж╕ржорзЯ ржкрзНрж░ржХрж╛рж╢ ржирж╛ ржХрж░рж▓рзЗржУ ржЕржирзЗржХрзЗрж░ ржкрзНрж░рждрж┐ ржПржХржЯрж╛ рж╕ржорзНржорж╛ржи рж╢рзНрж░ржжрзНржзрж╛ ржЪрж▓рзЗ ржЖрж╕рзЗ  ржЖрж░ рж╕рзЗржЯрж╛ржЗ рждрзЛ рж╕рзБржирзНржжрж░ рж╕рзЗржЯрж╛ржЗ рждрзЛ ржЬрзАржмржи,1
рж╕рждрзНржпрж┐ ржЕрж╕рж╛ржзрж╛рж░ржг ржмрж▓рж▓рзЗржУ ржнрзБрж▓ рж╣ржмрзЗ!рж╢рзЗрж╖ ржжрзГрж╢рзНржп ржжрзЗржЦрзЗ ржЪрзЛржЦрзЗ ржЬрж▓ ржПрж╕рзЗ ржЧрзЗржЫрзЗ!,1
ржпрзЗ ржирж┐рж░рзНржорж╛рждрж╛ ржирж╛ржЯржХрзЗ ржЕрж╢рзНрж░рж╛ржмрзНржп ржЧрж╛рж▓рж┐-ржЧрж╛рж▓рж╛ржЬ ржмрзНржпржмрж╣рж╛рж░ ржХрж░рзЗржи  рждрж┐ржирж┐ ржирж┐ржГрж╕ржирзНржжрзЗрж╣рзЗ ржмрж┐ржХрж╛рж░ржЧрзНрж░рж╕рзНржд  ржжрж┐ржи ржжрж┐ржи ржмрж╛ржВрж▓рж╛ ржирж╛ржЯржХ рждрж╛рж░ ржкрзБрж░рж╛рждржи ржРрждрж┐рж╣рзНржп рж╣рж╛рж░рж╛ржЪрзНржЫрзЗ   ржжрзБржГржЦржЬржиржХ  ,0
Honestly  love it ome ржнрж╛ржЗ   ржирж╛ржЯржХрзЗ ржнрж╛рж▓рзЛ ржПржХржЯрж╛ ржорзЗрж╕рзЗржЬ ржЫрж┐рж▓рзЛ  Best wishes brother ржжрзЛрзЯрж╛ ржУ ржнрж╛рж▓ржмрж╛рж╕рж╛,1
ржЕржкрзБрж░рзНржм ржнрж╛ржЗрзЯрж╛рж░ ржмрж▓рж╛ favorite movie ржлрж░рзЗрж╕рзНржЯ ржЧрж╛ржорзНржк ржорзБржнрж┐рж░ рж░рж┐ржорзЗржХ ржмрж▓рж┐ржЙржбрзЗрж░ ржорж┐ржГржкрж╛рж░рзНржлрзЗржХрзНржЯрж╢рзН ржирж┐рж╕рзНржЯ ржЖржорж┐рж░ ржЦрж╛ржи ржХрж░ржЫрзЗ  ржХрзНрж░рж┐рж╕ржорж╛рж╕рзЗ рж░рж┐рж▓рж┐ржЬ рж╣ржмрзЗ ,1
ржкрж░рж┐ржЪрж╛рж▓ржХрзЗрж░ ржкрзНрж░рждрж┐ ржЕржирзЗржХ ржЕржирзЗржХ ржнрж╛рж▓рзЛ ржмрж╛рж╕рж╛  ржЗрж╕рж▓рж╛ржорж┐ ржорж╛ржЗржирзНржб рж╕рзЗржЯрж╛ржк рждрзБрж▓рзЗ ржзрж░рж╛рж░ ржЬржирзНржп ,1
ржПржЗ ржЬржЧрждрзЗ ржПрж░ржХржо рж╕ржорж╛ржЬржХрзЗ ржарж┐ржХ ржХрж░рждрзЗ ржЧрзЗрж▓рзЗ ржорж╛ржирзБрж╖ ржмрзЗрзЯрж╛ржжржмрзЗрж░ ржкржж ржкрж╛рзЯ рж▓ржЬрзНржЬрж╛ рж▓рж╛ржЧрзЗ ржПрж░ржХржо ржПржХржЯрж╛ ржжрзВрж░рзНржирзАрждрж┐ржкрзВрж░рзНржи ржжрзЗрж╢рзЗ ржЖржЫрж┐ ржПржЗ ржжрзВрж░рзНржирзАрждрж┐рж░ ржХрж╛рж░ржирзЗржЗ ржмрж╛ржВрж▓рж╛ржжрзЗрж╢ ржХржЦржирзЛ рж╕рзЛржирж╛рж░ ржмрж╛ржВрж▓рж╛ рж╣ржмрзЗ ржирж╛ ржпрзЛржЧрзНржп ржирзЗрждрж╛рж░ ржЕржнрж╛ржм ржпржЦржи ржкрзВрж░ржи рж╣ржмрзЗ рждржЦржи ржжрзЗрж╢рзЗрж░ ржЕржмрж╕рзНржерж╛ ржарж┐ржХ рж╣ржмрзЗ ржПрж░ржХржо ржПржХржЯрж╛ ржЙрзОрж╕рж╛рж╣ ржжрзЗржУрзЯрж╛рж░ ржорждрзЛ ржирж╛ржЯржХ ржХрж░рж╛рж░ ржЬржирзНржп ржирж┐рж╢рзЛ ржнрж╛ржЗ ржХрзЗ ржХрзГрждржЬрзНржЮрждрж╛ ржЬрж╛ржирж╛ржЗ Love you vai,1
ржирж╛ржЗржХрж╛ржЯрж╛ ржнрж╛рж▓рзЛ ржЫрж┐рж▓рзЛ ржирж╛ ,0
ржЕрж╕рж╛ржзрж╛рж░ржг ржЕржнрж┐ржирзЯ ржЕрж╕рж╛ржзрж╛рж░ржг,1
ржПржЯрж╛ ржнрж╛ржБрзЬрж╛ржорж┐ ржЫрж╛рзЬрж╛ ржЖрж░ ржХрж┐ржЫрзБржЗ ржирж╛  ,0
ржЕрж╕рж╛ржзрж╛рж░ржг ,1
ржЪрж░ржо ржкрж░рзНржпрж╛ржпрж╝рзЗрж░ ржлрж╛рж▓рждрзБ,0
ржорж╛ржмрж░рзБрж░ рж░рж╢рж┐ржж ржмрж╛ржирзНржирж╛рж╣ ржнрж╛ржЗрзЯрзЗрж░ ржХрж╛ржЬ ржЧрзБрж▓рзЛ рж╕рждрзНржпрж┐ ржЕрж╕рж╛ржзрж╛рж░ржирз╖ржнрзЗрждрж░ржЯрж╛ ржкрзБрж░рж╛ржЗ ржирж╛рзЬрж╛ ржжрж┐рзЯрзЗ ржЙржарж▓рз╖ ржЗрж░ржлрж╛ржи рж╕рж╛ржЬрзНржЬрж╛ржж ржУ рждрж╛ржиржЬрж┐ржи рждрж┐рж╢рж╛ рж╣рзНржпрж╛ржЯрж╕ ржЕржм ржЗржЙ!,1
ржмрж┐рж╖рзЯржЯрж╛ ржмрж╛рж╕рзНрждржмрж┐ржХрждрж╛рж░ ржжрж┐ржХ ржерзЗржХрзЗ ржорж┐ржерж┐рж▓рж╛рж░ ржЬрзАржмржи ржПрж░ рж╕рж╛ржерзЗржУ ржорж┐рж▓рзЗ ржпрж╛рзЯ ржирж╛ржЯржХржЯрж┐ рж╕рзБржирзНржжрж░  ржжрзГрж╢рзНржп ржЧрзБрж▓рзЛ ржЕржирзЗржХ ржнрж╛рж▓ рж▓рзЗржЧрзЗржЫрзЗ  рждржмрзЗ ржорж┐ржерж┐рж▓рж╛рж░ рж╕рж╛ржерзЗ ржорж┐рж▓рж┐рзЯрзЗ ржжрж┐рж▓рзЗ ржнрж╛рж▓ржмрж╛рж╕рж╛ ржЬрж┐рждрзЗ ржпрзЗржд ржпржжрж┐ржУ ржорж┐ржерж┐рж▓рж╛ рждрж╛рж░ ржнрж╛рж▓ржмрж╛рж╕рж╛ ржЬрж┐рждрж┐рзЯрзЗ ржжрж┐рзЯрзЗржЗ ржЪрж▓рзЗ ржЧрзЗржЫрзЗ рждржмрзЗ ржЫрзЛржЯ ржПржЗ ржжрзЗрж╢рзЗ ржЖржнрж╛рж░ ржпржЦржи ржкржерзЗрж░ ржорж╛ржЭрзЗ ржжрзЗржЦрж╛ ржорж┐рж▓рзЗ ржпрж╛ржмрзЗ?,1
ржЙржкржжрзЗрж╢ ржорзБрж▓ржХ ржирж╛ржЯржХ ржЖрж░ ржнрж╛рж▓ржмрж╛рж╕рж╛ ржХржЦржирзЛржЗ рж▓рзБржХрж╛рждрзЗ рж╣рзЯ ржирж╛  ржпрж╛ржХрзЗ ржнрж╛рж▓ржмрж╛рж╕рзЗржи рждрж╛ржХрзЗ ржмрж▓рзЗ ржжрзЗрзЯрж╛ржЗ ржнрж╛рж▓рзЛ рж╕рзЗ ржирж╛ рж╣рзЯ ржирж╛-ржЗ ржмрж╛ ржорж╛ржирж▓рзЛ ,1
ржмрж╕ ржЕрж╕рж╛ржзрж╛рж░ржг,1
ржЕржирзЗржХ рж╕рзБржирзНржжрж░,1
ржмрж╛рж▓рзЛ рж▓рж╛ржЧрж╛ ржПржмржВ ржнрж╛рж▓рзЛржмрж╛рж╕рж╛рж░ ржирж╛ржЯржХ ржорж╛ржирзЗржЗ ржЕржкрзБрж░рзНржмрж░ ржирж╛ржЯржХ,1
ржПржЗрж░ржХржо ржлрж╛рж▓рждрзБ ржирж╛ржЯржХ ржХрзНржпрж╛ржоржирзЗ рж▓рзЗржЦрзЗ ржкрж░рж┐ржЪрж╛рж▓ржХрзЗ!,0
ржлрж┐ржирж┐рж╢рж┐ржВ ржЯрж╛ ржнрж╛рж▓рзЛ рж▓рж╛ржЧрж▓рзЛ ржирж╛ ,0
ржЖржирзЗржХ ржнрж╛рж▓рзЛ рж▓рж╛ржЧржЫрзЗ,1
ржкрзНрж░рж┐рзЯ ржЕржнрж┐ржирзЗрждрж╛ Afran Nisho | ржУ ржкрзНрж░рж┐рзЯ ржЕржнрж┐ржирзЗрждрзНрж░рзА  Tanjin Tisha ржПрж░ ржирж╛ржЯржХ ржорж╛ржирзЗ ржПржХ ржХржерж╛рзЯ ржЕрж╕рж╛ржзрж╛рж░ржг,1
рж▓рж╛рж╕рзНржЯ рж╕рж┐ржи рж╕рзЗржЗ рж╣ржЗржЫрзЗ,0
ржмрж╕рзНрждрж╛ржкржЪрж╛ ржирж╛ржЯржХ ,0
ржЖржорж╛рж░ ржжрзЗржЦрж╛ ржирж╛ржЯржХ ржПрж░ ржоржжрзНржзрзЗ  рж╕рзЗрж░рж╛ ржирж╛ржЯржХ   ржЕржирзЗржХ ржнрж╛рж▓рзЛ рж▓рж╛ржЧрж▓рзЛ ,1
ржЕржирзЗржХ рж╕рзБржирзНржжрж░,1
ржЕржмрж╛рж╕рзНрждржм ржЖрж░ ржлрж╛рж▓рждрзБ ржХрж╛рж╣рж┐ржирзА  ржПрж░рж╛ ржПржЗ ржЕржлрж┐рж╕рзЗ ржирж┐рзЯрзЛржЧржЯрж╛ржЗ ржкрж╛ржЗржЫрзЗ ржХрзЗржоржирзЗ? ржпрждрж╕ржм ржЖржмрж╛рж▓ ржкрж░рж┐ржЪрж╛рж▓ржХ ржХрзЛржерж╛ржХрж╛рж░,0
рж╢рж╛ржорзАржо ржнрж╛ржЗрзЯрзЗрж░ ржЕржнрж┐ржирзЯ ржЯрж╛ ржЕржирзЗржХ ржнрж╛рж▓ рж▓рж╛ржЧрж▓,1
ржЕрж╕рж╛ржзрж╛рж░ржи ржПржХржЯрж╛ ржирж╛ржЯржХ ржЗржЙржирж┐ржЯрзЗрж░ рж╕ржмрж╛ржЗржХрзЗ ржЕржирзЗржХ ржзржирзНржпржмрж╛ржж  ржЖрж░ ржирж┐рж╢рзЛ ржнрж╛ржЗ ржЖрж░ рждрж┐рж╢рж╛ рждрзЛ ржЦрзБржмржЗ ржЪржорзОржХрж╛рж░ ржЕржнрж┐ржирзЯ ржХрж░ржЫрзЗ   ,1
ржУржпрж╝рж╛ржУ ржПржХ ржХржерж╛ржпрж╝ ржЕрж╕рж╛ржзрж╛рж░ржг ржирж╛ржЯржХ! ржнрж╛рж╖рж╛ржпрж╝ ржкрзНрж░ржХрж╛рж╢ ржХрж░рж╛ ржпрж╛ржмрзЗ ржирж╛! ржирж┐рж╢рзЛ ржнрж╛ржЗржпрж╝рж╛ ржХрж┐ рж╕ржм рж╕ржоржпрж╝ рж░рзЗржХрж░рзНржб ржХрж░рж╛ ржпрж╛ржмрзЗ! ржзржирзНржпржмрж╛ржж ржорж┐ржЬрж╛ржирзБрж░ рж░рж╣ржорж╛ржи ржЖрж░рж┐ржпрж╝рж╛ржи ржнрж╛ржЗржпрж╝рж╛ ржХрзЗ ржП ржзрж░ржирзЗрж░ ржЧрж▓рзНржкрждрзЗ ржирж┐рж╢рзЛ ржнрж╛ржЗржпрж╝рж╛ржХрзЗ ржирзЗржУржпрж╝рж╛рж░ ржЬржирзНржп???,1
ржирж╛ржЯржХ ржЯрж╛ ...  ржХрж┐ ржпрзЗ ржмрж▓ржм ржХрж┐ржЫрзБржЗ ржмрзБржЭрждрзЗржЫрж┐ржирж╛  ржПржХ ржХржерж╛рзЯ ржЕрж╕рж╛ржзрж╛рж░ржи  ржЖрж░ржлрж╛ржи ржирж┐рж╢рзЛ ржПржХржЬржи рж░рж┐рзЯрзЗрж▓ рж╣рж┐рж░рзЛ  рж╕рзЗржЗ рж╕рж╛ржерзЗ ржЧрж╛ржиржЯрж┐ ржЕржирзНржп ржПржХржЯрж╛ ржорж╛рждрзНрж░рж╛ ржЬрзЛржЧ ржХрж░рзЗ ржжрж┐рзЯрзЗржЫрзЗ  ржЧрж╛ржиржЯрж┐ ржХрж╛рж░рзЛ ржХрж╛ржЫрзЗ ржерж╛ржХрж▓рзЗ ржкрзНрж▓рж┐ржЬ рж╢рзЗрзЯрж╛рж░ ржХрж░ржмрзЗржи Love You #Boss.,1
ржЖржорж╛рж░ ржжрзЗржЦрж╛ ржЬрж┐ржмржирзЗрж░ рж╕рзЗрж░рж╛ ржирж╛ржЯржХ,1
ржЖрж╕рж▓рзЗ ржкрзЛрж╢рж╛ржХ ржЯрж╛ ржнрж╛рж▓рзЛ ржЫрж┐рж▓рзЛ ржирж╛рж╣,0
ржЬрж╕ ржПржХржЯрж╛ ржирж╛ржЯржХ!! ржЖрж╕рж▓рзЗ apurbaржнрж╛ржЗ ржПржХржЯрж╛ ржЬрж┐ржирж┐рж╢! ржЖржорж┐ ржХрж┐ржирзНрждрзБ ржХржорзЗржирзНржЯ ржжрзЗржЦрзЗ ржирж╛ржЯржХ ржжрзЗржЦрж┐ ржирж╛!! ржЖржорж┐ ржирж╛ржЯржХ ржПрж░ ржЕржирзЗржХ ржмрзЬрзЛ ржнржХрзНржд! apurba  nisso  jovan  towsif  & guru mosharrof korim.... ader natok hola comment pora lage na..,1
ржПржХржЯрж╛ ржирж╛ржЯржХ ржПрждрзЛ ржнрж╛рж▓ рж╣рзЯ ржХрж┐ржнрж╛ржмрзЗ ржпрждрзЛржмрж╛рж░ ржПржЗ ржирж╛ржЯржХржЯрж╛ ржжрзЗржЦрж┐ рждрждрзЛржмрж╛рж░рж┐ ржжрзЗржЦрждрзЗ ржоржи ржЪрж╛рзЯ,1
ржирж┐рж╢рзБ ржнрж╛ржЗ ржПржмржВ ржорзЗрж╣ржЬрж╛ржмрж┐ржи ржЖржкрзБ!ржХрзЗржоржирзЗ ржкрж╛рж░рж▓рзЗржи ржЖржорж╛ржХрзЗ ржХрж╛ржБржжрж╛рждрзЗ?ржирж┐рж╢рзБ ржнрж╛ржЗ/ржорзЗрж╣ржЬрж╛ржмрж┐ржи ржЖржкрзБ!ржЖржкржирж╛ржжрзЗрж░ ржХрж╛ржЫрзЗ ржПржХржЯрж╛ржЗ рж░рж┐ржХрзБрзЯрзЗрж╕рзНржЯ ржХржЦржирзЛ ржЖржкржирж╛ржжрзЗрж░ ржЙржкрж░ ржпрзЗржи ржЦрж╛рж░рж╛ржл ржзрж╛рж░ржирж╛ ржирж╛ ржЖрж╕рзЗ  ржПржЧрж┐рзЯрзЗ ржпрж╛ржи ржЖрж░ ржЖржорж┐ ржХрж╛ржБржжрждрзЗржЗ ржерж╛ржХрж┐,1
ржлрж╛рж▓рждрзБ ржирж╛ржЯржХ рж╕ржорзЯ ржирж╕рзНржЯ  рж╕ржмрж╛ржЗ ржЖржирж▓рж╛ржЗржХ ржжрзЗржи,0
ржлрж╛ржЗржЬрж▓рж╛ржорж┐рж░ ржПржХржЯрж╛ рж╕рзАржорж╛ ржЖржЫрзЗ... ржкрзНрж░рзЛржбрж┐ржЙрж╕рж╛рж░ ржПрж░ ржХрж┐ ржЯрж╛ржХрж╛ ржмрзЗрж╢рж┐ рж╣рзЯрзЗ ржЧрзЗржЫрзЗ ржирж╛ржХрж┐? ржПрждрзНржд ржнрж╛рж▓рзЛ ржЖрж░ржЯрж┐рж╖рзНржЯ ржжрж┐рзЯрзЗ ржПржХржЗ ржзрж░ржирзЗрж░ ржлрж╛ржЗржЬрж▓рж╛ржорж┐ рждрзИрж░рж┐ ржХрж░рзЗржЗ ржпрж╛ржЪрзНржЫрзЗ  ржПрждрзЗ ржирж╛ржЯржХ ржПрж░ ржнржХрзНржд ржЖрж░ ржжрж░рзНрж╢ржХ рж╣рж╛рж░рж┐рзЯрзЗ ржпрж╛ржЪрзНржЫрзЗ  рж╖рзНржЯрзЛрж░рж┐ рж░рж╛ржЗржЯрж╛рж░ ржХрж┐ ржЧрж╛ржЬрж╛ ржЦрж╛рзЯ ржирж╛ржХрж┐? ржирждрзБржи ржХрзЛржирзЛ ржЧрж▓рзНржк ржпрж╛ ржмрж╛рж╕рзНрждржмрж┐ржХ ржЖрж░ ржмрж░рзНрждржорж╛ржи рж╕ржорж╛ржЬ ржкрзНрж░рзЗржХрзНрж╖рж╛ржкржЯрзЗ рж▓рж┐ржЦрзЗ ржжрж┐рж▓рзЗржЗ рж╣рзЯ... ржЖрж░ ржХрж░рж┐ржо ржнрж╛ржЗ ржПржЗрж╕ржм ржХрж┐ ржкрзНрж░рзЛржбрж╛ржХрж╢ржи ржПрж░ ржХрж╛ржЬ ржХрж░рзЗржи? ржЖржкржирж┐ ржХрж┐ ржмрзБржЭрзЗржи ржирж╛  ржПрждрзЗ ржЖржкржирж╛рж░ рж░рзЗржкрзБржЯрзЗрж╢ржи ржЖрж░ ржнржХрзНржд рж╣рж╛рж░рж╛ржЪрзНржЫрзЗржи?ржирждрзБржи ржХрж┐ржЫрзБ ржХрж░рзЗржи ржнрж╛ржЗ  ,0
ржЖ ржЦ ржо рж╣рж╛рж╕рж╛ржи ржорж╛ржирзЗржЗ рж╕рзЗрж░рж╛ ржЕржнрж┐ржирзЯ ,1
рждрзЛржорж╛ржХрзЗ ржмрж▓ржЫрж┐ ржнрж╛рж▓рзЛржмрж╛рж╕рж╛рж░ ржорж╛ржирзБрж╖ржЯрж╛ ржХрзЗ ржирж╛ ржкрж╛ржУрзЯрж╛рж░ ржХрж╖рзНржЯрзЗ ржЖрждрзНржпрж╣рждрзНржпрж╛ ржХрж░рзЛ ржирж╛  ржХрж╛рж░ржи рж╕рзЗ ржорж╛ржирзБрж╖ржЯрж╛ ржарж┐ржХржЗ ржирждрзБржи ржХрж░рзЗ ржЬрзАржмржи ржШрж░ржмрзЗ  ржХрж┐ржирзНрждрзБ рждрзЛржорж╛рж░ ржорж╛ ржмрж╛ржмрж╛ рждрзЛржорж╛рж░ ржорждрзЛ ржПржХржЬржи рж╕ржирзНрждрж╛ржи ржнрж╛ржмрзЗ ржирж╛? ,1
ржирж┐ржГрж╕ржирзНржжрзЗрж╣рзЗ рж╢рж╛ржорзАржо рж╣рж╛рж╕рж╛ржи рж╕рж░ржХрж╛рж░ рж╕рзЗрж░рж╛,1
ржорзЛрж╢рж╛рж░рж░ржл ржХрж░рж┐ржорзЗрж░ ржоржд ржЕржнрж┐ржирзЗрждрж╛рж░ ржХрж╛ржЫ ржПржЗ рж░ржХржо ржЖржмрж╛рж▓ ржорж╛рж░рзНржХрж╛ ржирж╛ржЯржХ ржЖрж╢рж╛ ржХрж░рж┐ ржирж╛ржЗ,0
рж╣рзГржжрзЯ ржЫрзБрзЯрзЗ ржЧрзЗрж▓рзЛ ржЖрж░ржлрж╛ржи ржнрж╛ржЗрзЯрж╛рж░ ржирж╛ржорж╛ржЬрзЗрж░ ржкрзНрж░рждрж┐ рж╕рзБржирзНржжрж░ ржкрж░рж╛ржорж░рзНрж╢ ржжрзЗржУрзЯрж╛ржЯрж╛ -!!ржнрж╛рж▓рзЛржмрж╛рж╕рж╛ рж░ржЗрж▓рзЛ ржнрж╛ржЗржЬрж╛ржи-!!,1
ржЖржЬрж╛ржЗрж░рж╛ ржирж╛ржЯржХ ржХржорзЗржирзНржЯ ржкрзЬрзЗржЗ ржжрзЗржЦрж╛рж░ ржЗржЪрзНржЫрж╛ ржорж░рзЗ ржЧрзЗржЫрзЗ,0
ржЕржирзЗржХ ржЕржирзЗржХ ржзржирзНржпржмрж╛ржж ржорж┐ржЬрж╛ржирзБрж░ рж░рж╣ржорж╛ржи ржЖрж░рж┐рзЯрж╛ржиржХрзЗ ржПржд рж╕рзБржирзНржжрж░ ржирж╛ржЯржХ ржЙржкрж╣рж╛рж░ ржжрзЗржУрзЯрж╛рж░ ржЬржирзНржи,1
ржЦрзБрж╕рж┐ ржЖржкрзБ ржЕрж╕рж╛ржзрж╛рж░ржи ржЕржнрж┐ржирзЗрждрзНрж░рзА,1
ржЕржирзЗржХ рж╕рзБржирзНржжрж░ рж▓рж╛ржЧрж▓рзЛ  ,1
ржЕржкрзВрж░рзНржм ржнрж╛ржЗрзЯрж╛ ржорж┐ржерж┐рж▓рж╛ ржЖржкрзБ ржПржмржВ ржорзЗрж╣ржЬрж╛ржмрзАржи ржЖржкрзБ рж╕рзБржкрж╛рж░ ржпрж╛ ржнрж╛рж╖рж╛рзЯ ржмрж▓рж╛ ржпрж╛ржмрзЗ ржирж╛ ржЖрж░ ржорж┐ржЙржЬрж┐ржХ ржЖрж░ рж╕рзБрж░ ржЕржЫржо ,1
ржЕржнрж╛рж░ ржПржХрзНржЯрж┐ржВ рж▓рж╛ржЧржЫрзЗ,0
ржЗржнрж╛ржирж╛рж░ ржЕржнрж┐ржирзЯ ржЖржорж╛рж░ ржХрж╛ржЫрзЗ ржЕржирзЗржХ ржнрж╛рж▓рзЛ рж▓рж╛ржЧрзЗ ржЕржирзЗржХ рж╕рзБржЗржЯ ржПржХржЯрж╛ ржорзЗрзЯрзЗ,1
ржПржЗржЯрж╛ рждрзЛ ржХрзЛржи рж╕ржорж╕рзНржпрж╛ ржирж╛ ржЖржкржирж┐ ржПржХржЬржи ржХрзНрж░рзЗржЬрж┐ рж▓рж╛ржнрж╛рж░  ржкрзНрж░рзЗржо ржкрзНрж░рзЗржо  ржХрж░рждрзЗ ржХрж░рждрзЗ ржУрж░ ржнрж┐рждрж░рзЗ ржбрзБржХрзЗ ржЧрзЗржЫрзЗржи.............Perfect ........thanks Nisho Vai for such a beautiful Dramatic feeling...........,1
ржЕрж╕рж╛ржзрж╛рж░ржи            ,1
рж╕рждрзНржпрж┐ ржЦрзБржм ржнрж╛рж▓рзЛ рж▓рж╛ржХржЫрзЗ ржПржЧрж┐рзЯрзЗ ржпрж╛ржЫрзЗ ржмрж╛ржВрж▓рж╛ ржирж╛ржЯржХ     ржПржоржи ржХрж░рзЗ ржПржЧрж┐рзЯрзЗ ржпрж╛ржХ     ржЖржЫрж┐ рж╕ржм рж╕ржорзЯ,1
ржЕржирзЗржХ рж╕рзБржирзНржжрж░ ржЕржкрзВрж░рзНржмрж░ ржирж╛ржЯржХ ржорзЗрж╣рзЗрж░ржЬрж╛ржмрзАржи ржУ ржорж┐ржерж┐рж▓рж╛ ржзржирзНржпржмрж╛ржж,1
ржЕрж╕рж╛ржзрж╛рж░ржи ржПржХржЯрж╛ ржирж╛ржЯржХ ржорж╛рждрзНрж░ рзлрзй ржорж┐ржирж┐ржЯрзЗрж░ ржирж╛ржЯржХрзЗ ржПржХржЯрж┐ ржкрзБрж░рзЛ ржЬрзАржмржиржХрзЗ ржлрзБржЯрж┐рзЯрзЗ рждрзЛрж▓рж╛ рж╣ржЗржЫрзЗ рж╕рждрзНрждрж┐ржЗ ржЕрж╕рж╛ржзрж╛рж░ржи,1
Tanjin Tisha ржирж╛ржЯржХ ржЖржорж╛рж░ ржХрж╛ржЫрзЗ ржнрж╛рж▓ рж▓рж╛ржЧрзЗ,1
ржкрзНрж░ржержо ржжрж┐ржХрзЗ ржнрж╛рж▓рзЛржЗ рж╣ржЗрж▓рзЛ but finishing ржнрж╛рж▓рзЛ рж╣рзЯ ржирж╛ржЗ,0
ржХрж┐ржЫрзБ ржнрж╛рж▓рзЛржмрж╛рж╕рж╛рж░ ржХржерж╛ ржХржЦржирзЛ ржХрж╛ржЙржХрзЗ ржмрж▓рж╛ рж╣ржпрж╝ ржирж╛ ржирж╛ ржмрж▓рж╛ржЗ ржерзЗржХрзЗ ржпрж╛ржпрж╝,1
ржирж┐рж╢рзЛ ржнрж╛ржЗ ржЖржкржирж┐ ржмрж╕ ЁЯЩПЁЯЩПржЖрж░ ржЖрж░рж┐рзЯрж╛ржи ржнрж╛ржЗ ржЖржкржирж╛рж░ ржирж╛ржЯржХ рж╕ржмрж╕ржорзЯ ржЗ рж╕рзЗрж░рж╛ ржПржмржВ ржЖрж░рзЗржХржЯрж┐ ржорж╛ржЗрж▓ржлрж▓ржХ,1
ржЯрзНрж░рзЗржЗрж▓рж╛рж░ ржжрзЗржЦрзЗ ржнрзЗржмрзЗржЫрж┐рж▓рж╛ржо ржкрзНрж░рж┐рзЯ ржПржЗ ржЬрзБржЯрж┐рж░ ржЕрж╕рж╛ржзрж╛рж░ржг ржПржХржЯрж┐ рж╣рж╛рж╕рж┐рж░ ржирж╛ржЯржХ ржЙржкрж╣рж╛рж░ ржкрж╛ржЪрзНржЫрж┐ ржХрж┐ржирзНрждрзБ ржирж╛ржЯржХрзЗрж░ рж╢рзЗрж╖рзЗ ржПржоржи ржЯрзБржЗрж╕рзНржЯ ржХржЦржирзЛ ржнрж╛ржмрж┐ржирж┐ ржЬрж╛рж╕рзНржЯ ржЕрж╕рж╛ржзрж╛рж░ржг,1
рж╕рж┐ржирзЗржорж╛рж░ ржпрзЗржЗ ржЕржмрж╕рзНржерж╛ рж╣ржЗрж╕рзЗ  ржПржЦржи ржирж╛ржЯржХрзЗрж░рзЛ ржУржЗржЯрж╛ржЗ рж╣ржЪрзНржЫрзЗ ,0
ржПржХ ржХржерж╛рзЯ ржЪржорждрзНржХрж╛рж░ ржЕржкрзВрж░рзНржм ржПрж░ ржирж╛ржЯржХ,1
ржмрж╛ржВрж▓рж╛ ржирж╛ржЯржХрзЗрж░ ржПржХ ржорж╣рж╛  рж╕рж┐ржи  ржирж╛рзЯржХ  ржирж╛ржЗржХрж╛ ржнрж╛ржмржмрзЗ ржЖрж░ ржЧрж╛ржи ржЪрж▓ржмрзЗ ржкрж┐ржЫржирзЗ  - ржПржЗ рж╕рж┐ржи ржЯрж╛ рж╕ржм ржирж╛ржЯржХ ржП ржЗ ржерж╛ржХрждрзЗ рж╣ржмрзЗ ,1
рзБрж╢рзА ржжрж┐ржжрж┐ ржЖржкржирж┐ ржЕрж╕рж╛ржзрж╛рж░ржи ,1
Apurbo  ржнрж╛рж▓рзЛ ржЕржнрж┐ржирзЗрждрж╛ but ржЖржлрж░рж╛ржи ржирж┐рж╕рзЛрж░ ржорждрзЛ рж╕ржм ржзрж░ржирзЗрж░ ржЕржнрж┐ржирзЯ ржХрж░рждрзЗ ржкрж╛рж░рзЗржирж╛,0
ржЦрзБржм ржнрж╛рж▓ рж▓рж╛ржЧрж▓рзЛ,1
ржорж┐ржЬрж╛ржирзБрж░ рж░рж╣ржорж╛ржи ржЖрж░рж┐рзЯрж╛ржи ржнрж╛ржЗ ржорж╛ржирзЗ рззрзжрзж% рж╣рж┐ржЯ   ржЖрж░рж┐рзЯрж╛ржи ржнрж╛ржЗрзЯрзЗрж░ ржирж╛ржЯржХ ржжрзЗржЦрж╛ ржорж╛рждрзНрж░ржЗ ржХрзЛржирзЛржнрж╛ржмрзЗ ржирж┐ржЬрзЗрж░ рж▓рзЛржн рж╕рж╛ржорж▓рзЗ рж░рж╛ржЦрж╛ рж╕ржорзНржнржм рж╣рзЯ ржирж╛   ржХрж┐ ржЬрж╛ржирж┐ ржнрж╛ржЗ ржЖржкржирж╛рж░ ржирж╛ржЯржХрзЗ ржХрж┐ ржЬрж╛ржжрзБ ржЖржЫрзЗ   ржЖржорж┐ ржЖржкржирж╛рж░ ржирж╛ржЯржХрзЗ ржЕржирзЗржХ ржмрж╛рж╕рзНрждржмрждрж╛ ржЦрзБржЬрзЗ ржкрзЗрзЯрзЗржЫрж┐   ржкрзНрж░рж╛рзЯ рж╕ржм ржирж╛ржЯржХрзЗ ржмрж╛рж╕рзНрждржмрждрж╛рж░ ржорж┐рж▓ ржЦрзБржЬрзЗ ржкрж╛ржУрзЯрж╛ ржпрж╛рзЯ   ржЖржкржирж╛ржХрзЗ ржЕрж╕ржВржЦрзНржп ржзржирзНржпржмрж╛ржж ржЖржорж╛ржжрзЗрж░ржХрзЗ ржПрждрзЛ рж╕рзБржирзНржжрж░ ржирж╛ржЯржХ ржЙржкрж╣рж╛рж░ ржжрзЗржУрзЯрж╛рж░ ржЬржирзНржп ,1
рж╕рзБржирзНржжрж░ ржЧрж▓рзНржк рж╕рзБржирзНржжрж░ ржбрж┐рж░рзЗржХрж╢ржи   ржХрж┐ржирзНрждрзБ ржХрж╛ржмрж┐рж░ рж╕рж┐ржВ ржерзЗржХрзЗ ржЕржирзЗржХржЯрж╛ ржЗржирзНрж╕ржкрж╛рзЯрж╛рж░рзНржб ,1
ржЕрж╕рж╛ржзрж╛рж░ржг ржЫрж┐рж▓ ржирж╛ржЯржХ ржЯрж╛   ржирж╛ржорж╛ржЬрзЗрж░ ржЬржирзНржп ржоржи ржЯрж╛ ржЖрж░рзЛ ржмрзЗрж╢рж┐ ржмрзЗрж╢рж┐ ржХрж╛ржжржЫрзЗ   ржЕрж╕рж╛ржзрж╛рж░ржг ржорзНржпрж╛рж╕рзЗржЬ     ржЖрж░ ржкрзНрж░рж┐рзЯ ржкрж░рж┐ржЪрж╛рж▓ржХ ржкрзНрж▓рж╛рж╕ ржкрзНрж░рж┐рзЯ ржЬрзБржЯрж┐   рж╕рж╛ржерзЗ ржХрж╛     ржорж╛рж▓ (ржкрж▓рж╛рж╢ )  ,1
ржЖрж╕рж▓рзЗ рж╕ржорж╛ржЬрзЗрж░ ржнрж╛рж▓рзЛ ржорж╛ржирзБрж╖ ржЧрзБрж▓рзЛржЗржмрзЗрзЯрж╛ржжржм рж╣рж┐рж╕рзЗржмрзЗ  ржЖрждрзНржоржкрзНрж░ржХрж╛рж╢ ржкрж╛рзЯржнрж╛рж▓рзЛ ржХрж┐ржЫрзБ ржХрж░рж▓рзЗ ржмрж╛ рж╕ржарж┐ржХ ржХржерж╛ ржмрж▓рж▓рзЗ   рж╕ржмрж╛ржЗ ржмрзЗрзЯрж╛ржжржм ржмрж▓рзЗржзржирзНржпржмрж╛ржж рждрзЛржорж╛ржХрзЗ ржирж┐рж╢рзБ ржнрж╛ржЗ,1
ржЕрж╕рж╛ржзрж╛рж░ржг  ржЬрзАржмржи ржШржирж┐рж╖рзНржа ржЪрж┐рждрзНрж░рж╛рзЯржи,1
ржмрж╛рж╕рзНрждржм рж╕рж╛ржерзЗ ржкрзБрж░рзЛ ржЯрж╛ржЗ ржорж┐рж▓ ржЖржЫрзЗ   ржЕржирзЗржХ рж╕рзБржирзНржжрж░ рж╕рж╛ржорж╛ржЬрж┐ржХ ржирж╛ржЯржХ,1
ржмрж╛рж▓рзЗрж░ ржирж╛ржЯржХ рж╕ржм ржирж╛ржЯржХ ржП ржПржХ ржХрж╛рж╣рж┐ржирж┐,0
ржорзЛрж╢рж╛рж░рж░ржл ржХрж░рж┐ржо рж╕рж╛рж╣рзЗржм  ржЖржкржирж╛рж░ ржорждрзЛ ржПржХржЬржи ржЕржнрж┐ржирзЗрждрж╛рж░ ржЧрж▓рзНржк ржПржмржВ ржЪрж░рж┐рждрзНрж░ ржмрзЗржЫрзЗ ржмрзЗржЫрзЗ ржХрж╛ржЬ ржХрж░рж╛ ржЙржЪрж┐ржд. ржПржЯрж╛ ржлрж╛рж▓рждрзБ ржПржХржЯрж╛ ржЧрж▓рзНржк ,0
ржЖржорж╛рж░ ржжрзЗржЦрж╛ рж╕ржмржерзЗржХрзЗ ржмрж╛ржЬрзЗ ржирж╛ржЯржХ,0
ржЕрж╕рж╛ржзрж╛рж░ржи ржПржХржЯрж╛ ржирж╛ржЯржХ ,1
ржмрж╛ржЬрзЗ ржЕрж╢рзНрж▓рзАрж▓ ржПржХржЯрж╛ ржирж╛ржЯржХ ржЫрж┐ ржЫрж┐ ржЫрж┐,0
ржЕржирзЗржХ ржЕржирзЗржХ рж╕рзБржирзНржжрж░,1
рж╢рзЗрж╖ ржЯрзБржХрзБ ржЦрзБржм ржнрж╛рж▓рзЛ рж▓рж╛ржЧржЫрзЗ,1
ржнрж╛рж▓ рж▓рж╛ржЧрж▓рзЛ ржЕржирзЗржХ,1
ржЕржмрж╢рзНржпржЗ ' ржирж╛ржЯржХ ржЯрж╛ ржЕржирзЗржХ рж╕рзБржирзНржжрж░ рж╣рзЯржЫрзЗ ' ржХрж┐ржирзНрждрзБ ржПржХржЯрж╛ ржнрзБрж▓ ' ржЕрж╛ржЪрзЗ рж╕рзЗржЗржЯрж╛ рж╣рж▓рзЛ рззрзж ржмржЫрж░ ржмрзЯрж╕рзЗ ржЫрзЗрж▓рзЗ ржХрж┐ ржХрж▓рзЗржЬрзЗ ржкрзЬрждрзЗ ржкрж╛рж░рзЗ?,1
ржмрж╛ржЬрзЗ рж╣ржЗржЫрзЗ....,0
ржЕржирзЗржХ ржкрж░рж┐ржмрж╛рж░рзЗ ржПржоржи ржШржЯржирж╛ ржШрж░рждрзЗ ржжрзЗржЦрзЗржЫрж┐ ржЦрзБржм ржнрж╛рж▓рзЛ рж▓рж╛ржЧржЫрзЗ  ржзржирзНржпржмрж╛ржж ржкрж░рж┐ржЪрж╛рж▓ржХ  рж╕рж╣ рж╕ржмрж╛ржЗ ржХрзЗ ,1
ржирж╛ржЯржХ ржЯрж╛ ржЦрзБржмржЗ ржнрж╛рж▓ рж▓рж╛ржЧржЫрзЗ ржорзЗрзЯрзЗржЯрж╛ ржпрзЗржоржи ржЪрзЗрзЯрзЗржЫрзЗ рждрж╛рж░ ржЬрж┐ржмржирзЗ ржПржоржи ржПржХржЬржи ржЖрж╕рзБржХ рж╕ржм ржЫрзЗрж▓рзЗрж░рж╛ ржУ ржЪрж╛рзЯ рждрж╛рж░ ржЬрж┐ржмржирзЗ ржПржоржи ржХрзЗржЙ ржЖрж╕рзБржХ ржпрзЗ рждрж╛рж░ ржЕржЧрзБржЫрж╛рж▓рзБ ржЬрж┐ржмржи ржЯрж╛ ржЧрзБржЫрж┐рзЯрзЗ рждрзБрж▓ржмрзЗ      ржХрж┐ржирзНрждрзБ ржПржЗ ржЕржнрж┐ржирзЯрзЗ ржжрзБржз ржЧрзБрж▓рж╛ ржжрзЗржЦрж╛рзЯрж╛ ржорзЗрзЯрзЗржЯрж╛ рж╕ржм рж╢рзЗрж╖ ржХрж░рзЗ ржжрж┐рж▓ ржЖрж░рзЗ ржмрж╛ржмрж╛ ржПржд рж╕рзБржирзНржжрж░ ржЕржнрж┐ржирзЯ ржХрж░ржЫрзЛ ржжрзБржз ржЙрж░ржирж╛ ржжрж┐рзЯрзЗ ржбрзЗржХрзЗ рж░рж╛ржЦрж▓рзЗ ржХрж┐ рж╣ржд,1
рж╢рж╛рж░ржорзАржи рж╕рж╛ржерзАрж░ ржорзБржЦрзЗ  ржмрзБржбрж╝рзЛ ржжрж┐ржпрж╝рзЗ ржкрзЛрж╖рж╛ржпрж╝ржирж╛  ржПржЯрж╛ ржХрзЛржирзЛ ржирж╛ржЯржХрзЗрж░ ржнрж╛рж╖рж╛ рж╣рж▓рзЛ  рждрж╛рж╣рж▓рзЗ ржЖржорж░рж╛ ржХрж┐ ржзрзАрж░рзЗ ржзрзАрж░рзЗ ржЖржорзЗрж░рж┐ржХрж╛рж░ ржорждрзЛ рж╕рзЗржХрзНрж╕ржлрзНрж░рж┐ ржХрж╛рж▓ржЪрж╛рж░рзЗрж░ ржжрж┐ржХрзЗ ржЪрж▓рзЗ ржпрж╛ржЪрзНржЫрж┐ ржпрж╛ ржЖржорж░рж╛ ржЪрж╛ржЗржирж╛ ржХрзЛржирзЛ ржнрж╛ржмрзЗржЗ,0
ржЕрж╕рж╛ржзрж╛рж░ржг ржирж╛ржЯржХ рж╕рждрзНржпрж┐ржЗ ржЕрж╕рж╛ржзрж╛рж░ржг,1
ржЕржирзЗржХржжрж┐ржи ржкрж░ ржПржХржЯрж╛ ржнрж╛рж▓рзЛ рж░рзЛржорж╛ржирзНржЯрж┐ржХ ржирж╛ржЯржХ ржжрзЗржЦрж▓рж╛ржо  ржЦрзБржм рж╕рзБржирзНржжрж░  ржирзНржпрж╛ржХрж╛ржорж┐ ржорж╛рж░рзНржХрж╛ ржЕржнрж┐ржирзЯ ржПржмржВ ржХрж╛рж╣рж┐ржирж┐ ржирж╛ ржЕржирзНрждржд ,1
ржирж╛ржЯржХржЯрж╛ ржЕржирзЗржХ рж╕рзБржирзНржжрж░  рж░рж┐рж╕рзЛрж░рзНржЯ ржЯрж╛рж░ ржирж╛ржо ржХрж┐ ржХрзЗржЙ ржмрж▓ржмрзЗржи ,1
ржлрж╛рж▓рждрзЛ ржПржХржЯрж╛,0
ржЧрж▓рзНржкрзЗрж░ ржкрзНрж░ржержо ржжрж┐ржХржЯрж╛ ржЦрзБржмржЗ рж╕рзБржирзНржжрж░ ржЫрж┐рж▓ ржЖрж░ ржорж╛ржЭржЦрж╛ржирзЗ ржХрж┐ржЫрзБ ржПрж▓рзЛржорзЗрж▓рзЛ ржЖрж░ рж╢рзЗрж╖ржЯрж╛ ржЦрзБржмржЗ рж╕рзБржирзНржжрж░ рж╣рж▓,1
ржЦрзБржм рж╕рзБржирзНржжрж░ ржПржХржЯрж┐ ржирж╛ржЯржХ,1
ржЦрзБржм рж╕рзБржирзНржжрж░,1
ржПржЯрж╛ рждрзЛ ржХрзЛржи рж╕ржорж╕рзНржпрж╛ржЗ ржирж╛ ржЖржкржирж┐ ржПржХржЬржи Crazy рж▓рж╛ржнрж╛рж░ ржкрзНрж░рзЗржо ржХрж░рждрзЗ ржХрж░рждрзЗ ржУрж░ ржнрж┐рждрж░рзЗ ржврзБржЗржХрж╛ ржЧрзЗржЫрзЗржиjust awesome chilo boss afran nisho and Trisha so hot juttiBangladesh e ami only nishor bokto much love boss,1
ржЕржирзЗржХ ржлрж╛рж▓рждрзБ ржирж╛ржЯржХ ржжрзЗржЦрзЗржЫрж┐  ржХрж┐ржирзНрждрзБ ржПржЗ ржирж╛ржЯржХрзЗрж░ ржорждрзЛ ржПрждрзЛ ржлрж╛рж▓рждрзБ ржирж╛ржЯржХ ржжрзЗржЦрзЗ ржирж╛ржЗ  ржПржЗ ржирж╛ржЯржХ ржЯрж╛ ржлрж╛рж▓рждрзБ ржмрж▓рж▓рзЗржУ ржХржо рж╣ржмрзЗ ,0
ржЕрж╕рж╛ржзрж╛рж░ржг  ржХрж╛рж╣рж┐ржирж┐  ржЧрж╛ржи  рж╕ржм ржорж┐рж▓рж┐рзЯрзЗ ржЕрждрзБрж▓ржирзАрзЯ,1
ржЕрж╕рж╛ржзрж╛рж░ржг ржнрж╛рж▓рзЛ рж▓рзЗржЧрзЗржЫрзЗ ржЕржирзЗржХ ржзржирзНржпржмрж╛ржж рж╕ржмрж╛ржЗржХрзЗ,1
ржнрж╛ржЗ ржЕрж╕рзНржерж┐рж░ рж╣рзЯрзЗржЫрзЗ ржирж╛ржЯржХржЯрж╛,0
ржЕрж╕рзНржЯрзНрж░рзЗрж▓рж┐ржпрж╝рж╛рж░ ржЧрж░рзБрж░ ржоржд рж▓рж╛ржЧржЫрзЗ ржлрж╛рж░рж┐ржпрж╝рж╛ржХрзЗ,0
ржлрж╛рж▓рждрзБ ржирж╛ржЯржХ ржЖрж░ ржлрж╛рж▓рждрзБ ржЪрж┐рждрзНрж░ржирж╛ржЯрзНржп ржЖрж░ ржлрж╛рж▓рждрзБ ржкрж░рж┐ржЪрж╛рж▓ржирж╛   ржЖрж░ ржнржгрзНржбрж╛ржорж┐рждрзЗ ржнрж░рж╛  ,0
ржЦрзБржм рж╕рзБржирзНржжрж░,1
ржЕржирзЗржХ ржнрж╛рж▓рзЛ рж╣рзЯрзЗржЫрзЗ,1
ржУрж╕рж╛ржжрж╛рж░ржи ржирж╛ржЯржХ,1
ржнрж╛рж▓рзЛ ржерж╛ржХрзБржХ  ржнрж╛рж▓ржмрж╛рж╕рж╛рж░ ржорж╛ржирзБрж╖ ржЧрзБрж▓рзЛ   ЁЯШеЁЯШеЁЯШеЁЯШеЁЯШлЁЯШк,1
ржирж╛ржЯржХрж╛ ржЕрж╕рж╛ржзрж╛рж░ржг  ржорзЗрзЯрзЗржЯрж╛рж░ ржмрзНржпржмрж╣рж╛рж░ржЯрж╛ржУ ржнрж╛рж▓рзЛ ржХрж┐ржирзНрждрзБ ржорзЗрзЯрзЗржЯрж╛рж░ ржУрзЬржирж╛ржЯрж╛ ржкрзЬрж╛ ржнрж╛рж▓рзЛ рж╣рзЯ ржирж┐  рж╣рж▓рзЗ ржЖрж░ржУ ржнрж╛рж▓рзЛ рж▓рж╛ржЧрждрзЛ ,1
ржЕрж╕рж╛ржзрж╛рж░ржг ржПржХржЯрж╛ ржирж╛ржЯржХ  ржкрзНрж░рждрзНржпрзЗржХржЯрж╛ ржорзБрж╣рзВрж░рзНржд ржЖржиржирзНржжржорзЯ ржЫрж┐рж▓ ,1
ржнрж╛рж▓ рж▓рж╛ржЧрж▓рзЛ ржирж╛ ржЖрж░ ржХрж┐ржЫрзБ рж▓рзНржпрж╛ржВржЧрзБрзЯрзЗржЬ ржХрж┐ржЫрзБ ржнржВржЧрж┐ржорж╛  ржЗржЙржЬ ржирж╛ ржХрж░рж▓рзЗржЗ ржнрж╛рж▓ рж╣ржд ,0
ржПржЦржи ржмрж╛ржВрж▓рж╛ржжрзЗрж╢рзЗрж░ ржирж╛ржЯржХрзЗрж░ ржоржзрзНржпрзЗ ржПржоржи ржХрж╛рж╣рж┐ржирж┐ ржбрзБржХрж╛ржЗрзЯрж╛ ржмрж┐ржнрзНрж░рж╛ржирзНрждрж┐ржХрж░ ржХрж░рждрзЗржЫрзЗ   ржорж╛ ржмрж╛ржмрж╛ ржХрзЗ ржирж┐рзЯрзЗ ржПржХ рж╕рж╛ржерзЗ ржирж╛ржЯржХ ржжрзЗржЦрждрзЗ ржнрзЯ ржХрж░рзЗ,0
ржЖржорж╛рж░ ржоржирзЗ рж╣ржпрж╝ ржирж╛ржЯржХрзЗрж░ ржбрж┐рж░рзЗржХрзНржЯрж░ ржПржмржВ рж░рж╛ржЗржЯрж╛рж░ ржжрзБржЗржЬржирзЗ рж╣рж┐ржЬржбрж╝рж╛,0
ржорзЛрж╢рж╛рж░рж░ржл ржХрж░рж┐ржорзЗрж░ ржПрж╕ржм ржлрж╛рж▓рждрзБ ржирж╛ржЯржХ ржХрж░рж╛рж░ ржорж╛ржирзЗ ржХрж┐? ржХрж╛ржЬрзЗрж░ ржЕржнрж╛ржм рждрж╛рж░? рждрж╛рж╣рж▓рзЗ ржПрж╕ржм ржлрж╛рж▓рждрзБ рж╕рзНржХрзНрж░рж┐ржкрзНржЯрзЗрж░ ржХрж╛ржЬ ржирж╛ ржХрж░рзЗ ржмрзНржпрж╛ржмрж╕рж╛рзЯ ржирж╛ржорзЗржирз╖,0
ржирж╛ржЯржХржЯрж╛ ржЕрж╕рж╛ржзрж╛рж░ржг рж╣ржЗржЫрзЗ рж╢рзЗрж╖ ржорзБрж╣рзВрж░рзНржд ржЯрж╛ ржнрж╛рж▓ ржЫрж┐рж▓  ржЖрж░ ржЧрж╛ржиржЧрзБрж▓рзЛ ржЦрзБржмржЗ ржнрж╛рж▓рзЛ рж▓рж╛ржЧржЫрзЗ keep it up,1
ржХрж╛ржЬрж▓ ржЖржлрж░рж┐ржи ржЕржорж┐ ржнрж╛ржЗ ржзржирзНржпржмрж╛ржж ржЕржирзЗржХ рж╕рзБржирзНржжрж░ ржПржХржЯрж╛ ржЧрж▓рзНржк   ,1
ржХрж┐ржнрж╛ржмрзЗ ржнрж╛ржмрж╛ржмрзЗржЧ ржкрзНрж░ржХрж╛рж╢ ржХрж░ржмрзЛ ржмрзБржЭрждрзЗ ржкрж╛рж░ржЫрж┐ ржирж╛ рж╕рждрзНржпрж┐ржЗ ржЕрж╕рж╛ржзрж╛рж░ржг ,1
ржмрзГржирзНржжрж╛ржмржи ржжрж╛рж╕ ржПрж░ ржХрж╛ржЬржЧрзБрж▓рзЛ рж╕ржмрж╕ржорзЯ ржнрж╛рж▓ рж▓рж╛ржЧрж╛рж░ рж╣рзЯ ржЖрж░ рж╢рзЗржЦрж╛рж░ ржЕржирзЗржХ ржХрж┐ржЫрзБ ржерж╛ржХрзЗ ,1
ржПржЯрж┐ ржХрзЛржи ржирж╛ржЯржХ рж╣ржпрж╝рж▓рзЛ  рж╕ржм ржЯрж╛ржЗржо ржкрж╛рж╕,0
ржирж╛ржорж╛ржЬ ржкрж░рж╛рж░ ржЬржирзНржп ржорж╛ржирзБрж╖ ржХржорзЗржирзНржЯ ржХрж░рзЗржЫрзЗ ржнрж╛рж▓ рж▓рж╛ржЧрж▓ ,1
ржЕрж╕ржорзНржнржм ржПржХржШрзЗрзЯрзЗ,0
ржХрзЛржирзЛ ржирж╛ржЯржХ ржПрж░ржХржо ржжрзЗржЦрж┐ ржирж╛ржЗ  ржпрзЗржЦрж╛ржирзЗ ржирж╛ржорж╛ржЬ ржкрзЬрж╛рж░ ржХржерж╛ ржмрж▓рж╛ рж╣рзЯрзЗржЫрзЗ ржмрж╛ржЯ ржПржЗ ржирж╛ржЯржХрзЗ ржирж╛ржорж╛ржЬрзЗрж░ ржкрзНрж░рждрж┐ рждрж╛ржЧрж┐ржж ржПрж░ ржХржерж╛ ржмрж▓рж╛ ржжрзЗржЦрзЗ ржЖржорж┐ ржЕржирзЗржХ ржЦрзБрж╢рж┐ ржЕржирзЗржХ ржнрж╛рж▓рж┐ рж▓рж╛ржЧрж▓рзЛ ржирж╛ржЯржХ ржЯрж┐,1
ржЕрж╕ржорзНржнржм рж╕рзБржирзНржжрж░  ржПржд ржнрж╛рж▓рзЛ рж▓рзЗржЧрзЗржЫрзЗ ржирж╛ржЯржХржЯрж╛  ржЕржирзЗржХржжрж┐ржи ржкрж░ ржПржХржЯрж╛ ржоржирзЗрж░ ржорждрзЛ ржирж╛ржЯржХ ржжрзЗржЦрж▓рж╛ржо  рж╢рж┐рж╣рж╛ржм рж╢рж╛рж╣рзАржи ржнрж╛ржЗрзЯрж╛рж░ ржирж╛ржЯржХ ржЦрзБржм ржнрж╛рж▓рзЛ рж▓рж╛ржЧрзЗ  ржЖрж░ ржЕржкрзВрж░рзНржм ржнрж╛ржЗрзЯрж╛рж░ ржмрзЬ ржлрзНржпрж╛ржи ржЖржорж┐ ,1
ржПржХ ржХржерж╛рзЯ  ржЕрж╕рзНржерж┐рж░   ржкрзНрж░ржержо ржнрж╛рж▓ржмрж╛рж╕рж╛ржЧрзБрж▓рзЛ ржмрзБржЭрж┐ ржПржоржирж┐ рж╣рзЯ ,1
ржЕрж╢рж╛рж▓рзАржи ржнрж╛рж╖рж╛ ржЫрж┐,0
ржЕрж╕рж╛ржзрж╛рж░ржг ржирж╛ржЯржХ ржзржирзНржпржмрж╛ржж ржмрзГржжрж╛ржмржи ржжрж╛рж╕ рж╕рзНржпрж╛рж░ржХрзЗ  ржЕржирзЗржХ ржзржирзНржпржмрж╛ржж ржПржЗрж░ржХржо ржирж╛ржЯржХ ржЙржкрж╣рж╛рж░ ржжрзЗржУрзЯрж╛рж░ ржЬржирзНржп  ,1
ржирж╛рждржХржЯрж╛ ржЖрж╕рж▓рзЗржЗ ржЦрзБржм ржнрж╛рж▓ ,1
ржмрж╛ржВрж▓рж╛ржжрзЗрж╢рзЗрж░ ржЕржирзНржпрждржо рж╕рзЗрж░рж╛ ржирж╛ржЯржХ ржПржЗ ржирж╛ржЯржХржЯрж┐   ,1
рж╕ржирж┐рзЯрж╛ ржорж╛рж▓ржЯрж╛рж░ рж░рж┐рзЯрзЗрж▓ ржирж╛ржо ржХрж┐?,0
ржнрж╛рж▓рзЛржмрж╛рж╕рж╛  рж╕ржмрж╛ржЗ ржпрзЗржирзЛ рждрж╛рж░ ржоржирзЗрж░ ржорж╛ржирзБрж╖ржХрзЗ рждрж╛рж░ ржирж┐ржЬрзЗрж░ ржХрж░рзЗ ржкрж╛рзЯ ржЕрж╕рж╛ржзрж╛рж░ржг ржирж╛ржЯржХ,1
ржЕрж╕рж╛ржзрж╛рж░ржг ржПржХржЯрж╛ ржЙржкрж╕рзНржерж╛ржкржи,1
ржХрж┐ ржЕрж╕рж╛ржзрж╛рж░ржи ржирж╛ржЯржХ ,1
рждрзБржорж┐ рж╕рзЗрж░рж╛ ржмрж╕,1
ржлрж╛рж▓рждрзЛ ржирж╛ржЯржХ,0
ржЕржирзЗржХрзЗржЗ ржЦрзБржм ржнрж╛рж▓рзЛ ржнрж╛рж▓рзЛ ржоржирзНрждржмрзНржп ржХрж░рзЗржЫрзЗржи...рж╣рзБржо  рж╕рждрзНржпрж┐ржХрж╛рж░ ржЕрж░рзНржерзЗ ржирж╛ржЯржХрзЗрж░ ржЧрж▓рзНржкржЯрж╛ ржнрж╛рж▓рзЛ рж▓рзЗржЧрзЗржЫрзЗ  рждржмрзЗ  ржпржжрж┐ ржирж╛ржпрж╝рж┐ржХрж╛рж░ ржкрзЛрж╢рж╛ржХ ржирж┐ржпрж╝рзЗ ржкрж░рж┐ржЪрж╛рж▓ржХ ржЖрж░рзЛ рж╕ржЪрзЗрждржи рж╣рждрзЗржи рждрж╛рж╣рж▓рзЗ ржЖрж░рзЛ ржнрж╛рж▓рзЛ рж╣ржд..  ржпрж╛ рж╣рзЛржХ  ржкрж░ржмрж░рзНрждрзАрждрзЗ ржкрж░рж┐ржЪрж╛рж▓ржХ рж╣ржпрж╝рждрзЛ ржПржЗ ржнрзБрж▓ржЧрзБрж▓рзЛ ржорж╛ржерж╛ржпрж╝ рж░рзЗржЦрзЗ ржХрж╛ржЬ ржХрж░ржмрзЗржи...,1
ржПрждрзЛ рж╕рзБржирзНржжрж░ ржПржХржЯрж╛ ржирж╛ржЯржХ ржЪрзЛржЦрзЗ ржкрж╛ржирж┐ ржзрж░рзЗ рж░рж╛ржЦрждрзЗ ржкрж╛рж░рж▓рж╛ржо ржирж╛,1
ржЖржорж┐ ржорж┐ржерж┐рж▓рж╛ ржЖржкрзБ ржорзЗрж╣ржЬрж╛ржмрж┐ржи ржЖржкрзБржХрзЗ ржЕржирзЗржХ ржкржЫржирзНржж ржХрж░рж┐  ржЕржкрзВрж░рзНржм ржнрж╛ржЗрзЯрж╛рж░ ржЕржнрж┐ржирзЯржЯрж╛ ржЕрж╕рж╛ржзрж╛рж░ржг ржЫрж┐рж▓рзЛ  рж╕ржмрж╛рж░ ржЕржнрж┐ржирзЯ ржЕржирзЗржХ рж╕рзБржирзНржжрж░ ржЫрж┐рж▓рзЛ,1
ржирж╛ржЯржХ ржЯрж╛ ржЦрзБржм ржЦрзБржм ржнрж╛рж▓рзЛ рж╣рзЯржЫрзЗ,1
ржЦрзБржм рж╕рзБржирзНржжрж░ ржирж╛ржЯржХ,1
ржЕржирзЗржХ ржнрж╛рж▓рзЛ рж▓рж╛ржЦржЫрзЗ,1
ржЕрж╕рж╛ржзрж╛рж░ржи  рж╣рзЯржЫрзЗ ржХрж┐ржирзНрждрзБ ржирж╛ржЯржХ ржЯрж╛ ржЖржорж╛рж░ ржХрж╛ржЫрзЗ ржЕржирзЗржХ ржнрж╛рж▓рзЛ рж▓рж╛ржХржЫрзЗ ржирж┐рж╢рзЛ ржнрж╛ржЗржХрзЗ ржЕржирзЗржХ ржнрж╛рж▓рзЛржмрж╛рж╕рж┐ ,1
Tumi Amari ржирж╛ржЯржХржЯрж┐ ржЙржкржнрзЛржЧ ржХрж░рзБржи ржЖрж╢рж╛ ржХрж░ржЫрж┐ ржПржЗ ржирж╛ржЯржХржЯрж┐ ржЖржкржирж╛ржжрзЗрж░ ржХрж╛ржЫрзЗ ржмрзЗрж╢ ржнрж╛рж▓ рж▓рж╛ржЧржмрзЗ  ржЖржорж╛ржжрзЗрж░ ржЬржирзНржп ржжрзЛрзЯрж╛ ржХрж░ржмрзЗржи ржпрзЗржи рж╕рж╛ржоржирзЗ ржЖрж░рзЛржУ ржнрж╛рж▓ ржХрж┐ржЫрзБ ржЖржкржирж╛ржжрзЗрж░ ржЬржирзНржп ржирж┐рзЯрзЗ ржЖрж╕рждрзЗ ржкрж╛рж░рж┐  ржнрж╛рж▓ржмрж╛рж╕рж╛ ржЕржмрж┐рж░рж╛ржо,1
ржЖржорж╛рж░ ржжрзЗржЦрж╛ ржорж┐ржЬрж╛ржирзБрж░ рж░рж╣ржорж╛ржи ржнрж╛ржЗржпрж╝рзЗрж░ рж╕рзЗрж░рж╛ ржПржХржЯрж╛ ржЧрж▓рзНржк ржПрждрзЛ ржЧрзБрж▓рзЛ ржнрж╛рж▓рзЛ ржмрж╛рж╕рж╛ ржХрж▓рж┐ржЬрж╛ржпрж╝ рж▓рж╛ржЧржЫрзЗ ржнрж╛ржЗржЖржлрж░рж╛ржи ржирж┐рж╢рзЛ ржнрж╛ржЗржорзЗрж╣ржЬрж╛ржмрж┐ржи ржЖржкрзБржЕрж╕рж╛ржзрж╛рж░ржг ржЕржнрж┐ржиржпрж╝ржнрж╛рж▓рзЛ ржмрж╛рж╕рж╛ ржЕржмрж┐рж░рж╛ржо,1
ржХрж╛ржмрж┐рж▓рж╛ ржЕрж╕рж╛ржзрж╛рж░ржи ржЕржнрж┐ржирзЯ ржХрж░ржЫрзЗ  ,1
ржПрждрзЛ рж╕рзБржирзНржжрж░ ржнрж╛ржмрзЗ ржЙржкрж╕рзНржерж╛ржкржи ржХрж░рж╛ ржирж╛ржЯржХ ржПржЗ ржкрзНрж░ржержо ржжрзЗржЦрж▓рж╛ржо ржмрзЗрж╢рж┐ ржнрж╛рж▓рзЛ рж▓рзЗржЧрзЗржЫрзЗ ржирж╛ржорж╛ржЬрзЗрж░ ржжрж┐ржХ ржЯрж┐ рждрзБрж▓рзЗ ржзрж░рж╛рж░ ржЬржирзНржп,1
ржирж╛ржЯржХ ржЯрж╛ ржХрж┐ржирзНрждрзБ рж╕рзЗрж░рж╛ ржнрж╛ржЗ ржмрж░рзНрждржорж╛ржи ржЬржирзНржп   ,1
ржЖржЬ ржерзЗржХрзЗ  -  ржЖржЧрзЗ  ржПрж░ржХржо ржкрж░рж┐ржмрж╛рж░ ржмрж╛рж╕рзНрждржмрзЗ ржЫрж┐рж▓    рж╢рж╛рж╣рж╛ржирж╛ржЬ ржЦрзБрж╢рж┐ ржЕрж╕ржорзНржнржм  ржнрж╛рж▓рзЛ ржЕржнрж┐ржирзЯ  ржХрж░рзЗржЫрзЗржи ,1
ржЖрж░ржлрж╛ржи ржирж┐рж╢рзЛ ржнрж╛ржЗ ржЖрж░ рждрж┐рж╢рж╛ ржЖржкрзБ ржЖржкржирж╛ржжрзЗрж░ ржжрзБржЬржирзЗржЗ ржУржнрж┐ржиржпрж╝ ржЖржорж╛рж░ ржХрж╛ржЫрзЗ ржЕржирзЗржХ ржнрж╛рж▓рзЛ рж▓рзЗржЧрзЗржЫрзЗ  ржзржирзНржпржмрж╛ржж,1
ржПржХ ржПржХржЯрж╛ ржмрж┐рзЯрж╛ржжржл,0
ржХрзЛржерж╛ржпрж╝ ржпрзЗ ржХржорждрж┐ ржЫрж┐рж▓рзЛ ржкрж░рж┐ржкрзВрж░рзНржг ржирж╛ржЯржХ рж╣рзЯ ржирж┐ ,0
Nisho ржЖржЧрзЗ ржнрж╛рж▓рзЛ ржЫрж┐рж▓  ржПржЦржи рж╢рзБржзрзБ ржорж╛ржЦрж╛ржорж╛ржЦрж┐ Type Scene ржЧрзБрж▓рзЛ ржжрзЗрзЯ ржирж╛ржЯржХ ржЧрзБрж▓рзЛ рждрзЗ  ржнрж╛рж▓рзЛ рж▓рж╛ржЧрзЗ ржирж╛  ржЖрж░ ржПржЦржи ржПрж╕ржм ржлрж╛рж▓рждрзБ ржирж╛ржЯржХ ржЧрзБрж▓рзЛрж░ Dialog ржПржмржВ ржЧрж▓рзНржк ржХрзЛржиржЯрж╛ржЗ ржнрж╛рж▓рзЛ ржирж╛  ржЬржШржирзНржп ржЕржмрж╕рзНржерж╛  ржХрж┐ржЫрзБ ржХрж┐ржЫрзБ ржнрж╛рж▓рзЛ ржирж╛ржЯржХ ржЫрж╛рзЬрж╛ ржПржЦржи рж╕ржм ржЗ ржЬржШржирзНржп,0
ржЕржкрзВрж░рзНржм ржорж╛ржирзЗржЗ ржЕрж╕рж╛ржзрж╛рж░ржи ,1
рж╕рж╛рж▓рзЗ ржЖржорж╛рж░ ржмрзЗрж╕рзНржЯ ржирж╛ржЯржХ   ржирж┐рж╢рзБ ржмрж╕ рждрзБржорж┐ ржкрж╛рж░ ржнрж╛рж▓ ржХрж┐ржЫрзБ ржХрж░рзЗ ржжрзЗржЦрж╛рждрзЗ    ржЕрж▓ ржжрж╛ ржмрзЗрж╕рзНржЯ ржирж┐рж╢рзБ ржмрж╕,1
ржкрж╛рж░рзНржХрзЗ ржПржХ ржЖржкрзБ ржжрж╛ржБрзЬрж┐рзЯрзЗ ржжрж╛рзЬрж┐рзЯрзЗ ржХрж┐рж╕ ржЦрж╛ржЗрждрзЗржЫрж┐рж▓рзЛ ржмрж▓рж▓рж╛ржо ржмрж╕рзЗ ржЦрж╛ржи ржмрж╕рзЗ ржЦрж╛ржУрзЯрж╛ рж╕рзБржирзНржирж╛ржд  ржЕржоржирж┐ ржЖржорж╛ржХрзЗ ржмрзЗрзЯрж╛ржжржм ржмржЗрж▓рж╛ ржЧрж╛рж▓рж┐ ржжрж┐рж▓ ржмрзЯржлрзНрж░рзЗржирзНржб рждрзЗрзЬрзЗ ржорж╛рж░рждрзЗ ржПрж▓ ,0
ржЪржорзОржХрж╛рж░!!!!,1
ржирж┐рж╕рзЛ &рждрж┐рж╢рж╛ ржжрж╛рж░рзБржи ржЬрзБржЯрж┐,1
ржирж╛ржЯржХржЯрж╛ ржЕржирзЗржХ рж╕рзБржирзНржжрж░ рж╣ржпрж╝рзЗржЫрзЗ ржХрж┐ржЫрзБржЯрж╛ ржЖржорж╛рж░ ржЬрзАржмржирзЗрж░ рж╕рж╛ржерзЗ ржорж┐рж▓рзЗ,1
ржирж╛ржЯржХ ржЯрж╛ ржнрж╛рж▓рзЛ рж▓рж╛ржЧрж▓рзЛ,1
ржПржЧрзБрж▓рж╛ ржирж╛ржЯржХ!!!,0
ржорж╛рж▓ ржарж┐ржХ ржЖржЫрзЗ  ржХрж┐ржирзНрждрзБ ржХрж╛рж░рж┐ржЧрж░ ржарж┐ржХ ржирж╛ржЗ ржПржЗ рж╕рзНржХрзНрж░рж┐ржкрзНржЯ рж░рж╛ржЗржЯрж╛рж░ ржХржЗ ржпрзЗ ржкрзЯржжрж╛ рж╣рзЯ ржЕржиржирзНржд ржЬрж▓рж┐рж▓  ржЬрж╛рзЯрзЗржж ржЦрж╛ржи ржПрж░ ржкрж░ ржПржЗ рж░рж╛ржЗржЯрж╛рж░ ржнрж╛рж░ ржПржХржЯрж╛  ржорзЛрж╢рж╛рж░ржл ржХрж░рж┐ржорзЗрж░ ржкрзНрж░рждрж┐ржнрж╛ржЯрж╛ржХрзЗ ржирж╖рзНржЯ ржХрж░рж╛ ржЫрж╛рзЬрж╛ ржЖрж░ ржХрж┐ржЫрзБ ржирж╛ ,0
ржЬрзАржмржирзЗрж░ рж╕ржорзАржХрж░ржг ржирж╛ржЯржХрзЗрж░ ржорждрзЛ ржПрждрзЛ ржорж╕рзГржи ржирзЯ рждржмрзЗ рж╕ржарж┐ржХ ржорж╛ржирзБрж╖ржХрзЗ ржпржжрж┐ рж╕ржарж┐ржХ рж╕ржорзЯрзЗ ржЖрж╢рж╛ ржХрж░рзЗ рждрж╛рждрзЗ ржлрж▓рж╛ржлрж▓ ржПрж░ржХржо рж╣рждрзЗ ржкрж╛рж░рзЗ ржЖрж░ ржПржХржЯрж╛ ржнрж╛рж▓ ржорзЗрзЯрзЗ ржПржХржЯрж╛ ржЫрзЗрж▓рзЗржХрзЗ ржкрж╛рж▓рзНржЯрзЗ ржжрж┐рждрзЗ ржкрж╛рж░рзЗ ржирж┐ржГрж╕ржирзНржжрзЗрж╣рзЗ рж╢рж╛рж▓рзАржирждрж╛ ржПржмржВ ржзрж░рзНржорж┐рзЯ ржнрж╛ржмржзрж╛рж░рж╛ржЯрж╛ ржЕрж╕ржорзНржнржм ржнрж╛рж▓ рж▓рзЗржЧрзЗржЫрзЗ ржнрзАржиржжрзЗрж╢рзА ржХрж╛рж▓ржЪрж╛рж░ ржЖрж░ ржЕрж╢рж╛рж▓рзАржи ржкрзЛрж╖рж╛ржХрзЗрж░ ржирзЛржВрж░рж╛ржорзА ржерзЗржХрзЗ ржмрзЗрж░ рж╣рзЯрзЗ ржЖржорж╛ржжрзЗрж░ ржЖрж╕рж▓ рж╕ржВрж╕рзНржХрзГрждрж┐ рждржерж╛ ржЗрж╕рж▓рж╛ржорзА рж╕ржВрж╕рзНржХрзГрждрж┐рж░ ржжрж┐ржХрзЗ ржПржЧрж┐рзЯрзЗ ржЖрж╕рж╛ рж╕ржорзЯрзЗрж░ ржжрж╛ржмрзА ржзржирзНржпржмрж╛ржж ржкрж░рж┐ржЪрж╛рж▓ржХ ржПржмржВ ржХрж▓рж╛ржХрзБрж╢рж▓рзА рж╕рж╣ рж╕ржмрж╛ржЗржХрзЗ ,1
ржЖржорж┐ ржХрж▓ржХрж╛рждрж╛рзЯ ржерж╛ржХрж┐ ржмрж╛ржВрж▓рж╛ржжрзЗрж╢рзА ржПржЗ ржзрж░ржирзЗрж░ ржЯрзЗрж▓рж┐ржлрзНрж▓рж┐ржо ржЖржорж┐ ржХрзЛржи ржжрж┐ржи ржжрзЗржЦрж┐ ржирж╛ ржЖржЬ ржлрж╛рж░рзНрж╕рзНржЯ ржЯрж╛ржЗржо ржжрзЗржЦрж▓рж╛ржо  ржжрж╛рж░рзБржг рж▓рж╛ржЧрж▓рзЛ  #ржзржирзНржпржмрж╛ржж ржмрж╛ржВрж▓рж╛ржжрзЗрж╢рзА ржорж┐ржбрж┐рзЯрж╛,1
ржЕржирзЗржХ рж╕рзБржирзНржжрж░ ржирж╛ржЯржХ ржирж┐рж╢рзЛ ржнрж╛ржЗ ржЕрж╕рж╛ржзрж╛рж░ржг,1
ржЦрзБржмржЗ ржирж┐ржирзНржо ржорж╛ржирзЗрж░ ржирж╛ржЯржХ ржжрзЗржЦрж▓рж╛ржо ржЖржЧрзЗрж░ рж╕рзЗржЗ ржХрж░рж┐ржо рж╕рзНржмрж╛ржз ржкрзЗрж▓рж╛ржо ржирж╛ ржЯрж╛ржХрж╛рж░ ржХрж╛ржЫрзЗ ржирж┐ржЬрзЗрж░ ржЕрж╕рзНржмрж┐рждрзНрждрзНржмржХрзЗ ржирж┐рж▓рж╛ржо ржХрж░рж▓рзЗржи ржХрж░рж┐ржо рж╕рж╛рж╣рзЗржм ржирж┐рж╢рзЛ ржПржмржВ ржЕржкрзБрж░рзНржм ржПржЦржи ржЕржирзЗржХ ржПржЧрж┐рзЯрзЗ ржХрж░рж┐ржо рж╕рж╛рж╣рзЗржмрзЗрж░ ржЙржЪрж┐рзО ржПржЦржи ржЕржнрж┐ржирзЯ ржерзЗржХрзЗ ржЕржмрж╕рж░ ржирзЗрзЯрж╛ ржирждрзБржмрж╛ ржнрж╛рж▓рзЛ ржорж╛ржирзЗрж░ ржХрж╛ржЬ ржХрж░рж╛ ржЖржорж░рж╛ ржПржЗ ржмрж╕рзНрждрж╛ ржкржЪрж╛ рж╕рж┐ржХрзБрзЯрзНржпрж╛рж▓ ржжрзЗржЦрждрзЗ ржЪрж╛ржЗ ржирж╛ ржпрзЗржоржи- ржЬржоржЬ ржПржЗ рж╕ржм ржЦрзЛрж░ ржЙржЧрж╛ржирзНржбрж╛ ржорж╛рж╕рзБржж ржЯрж╛ржЗржкрзЗрж░ ржирж╛ржЯржХ ржЖржорж░рж╛ ржЖрж░ ржжрзЗржЦрждрзЗ ржЪрж╛ржЗ ржирж╛  ржХрзНрж╖ржорж╛ ржХрж░рзЗржи ржХрж░рж┐ржо рж╕рж╛рж╣рзЗржм ржЖржкржирж┐ ржпржжрж┐ржУ ржЖржкржирж┐ ржЖржорж╛рж░ ржжрзЗрж╢рзА ржорж╛ржирзБрж╖ рждрж╛рж░ржкрж░ржУ ржЖржкржирж╛рж░ ржХрж╛ржЬ ржПржЦржи ржЦрзБржм ржирж┐ржирзНржо ржорж╛ржирзЗрж░ рж╣рзЯрзЗ ржЧрзЗржЫрзЗ ржнрзБрж▓ рж╣рж▓рзЗ ржЖржорж╛ржХрзЗ ржорж╛ржл ржХрж░ржмрзЗржи рж╕ржмрж╛ржЗ ржЖржорж┐ ржХрж╛рж░рзЛ ржоржирзЗ ржЖржШрж╛ржд ржХрж░рждрзЗ ржЪрж╛ржЗ ржирж╛ржЗ ,0
рж╕ржм ржирж╛ржЯржХ ржПржд ржнрж╛рж▓рзЛ рж▓рж╛ржЧрзЗ ржХрзЗржирзЛ ржирж┐рж╢рзЛ ржнрж╛ржЗ ржПрж░ ржЬрж╛рж╕рзНржЯ ржЬрзЛрж╕ ржЫрж┐рж▓,1
ржПржХржЯрж┐ рж╕рзБржирзНржжрж░ ржЬржирж╕ржЪрзЗрждржирждрж╛ ржорзВрж▓ржХ рж╢рж┐ржХрзНрж╖рж╛ ржкрзЗрж▓рж╛ржо  ржкрзНрж░рзЗржо ржнрж╛рж▓рзЛржмрж╛рж╕рж╛ ржПржмржВ рж╣рж╛рж╕рж┐рж░ ржлрж╛ржХрзЗ  ржирж┐рж╢рзЛ ржнрж╛ржЗ ржЕрж╕рж╛ржзрж╛рж░ржг ржЕржнрж┐ржирзЯ ржХрж░рзЗржЫрзЗржи ржмрж▓рждрзЗржЗ рж╣ржмрзЗ ,1
ржжрзБржГржЦ ржкрзЗрж▓рж╛ржо ржПржоржи ржирж╛ржЯржХ ржжрзЗржЦрзЗ     ,0
ржЕрж╕рж╛ржзрж╛рж░ржи  ржЫрж┐рж▓ ржмрж┐рж╢рзЗрж╖ ржХрж░рзЗ  ржирж┐рж╢рзЛ ржнрж╛ржЗ ржПрж░ ржЕржнрж┐ржирзЯ  love you ржЕржирзЗржХ   ржЕржирзЗржХ   ржЕржирзЗржХржнрж╛рж▓рзНрж▓рж╛ржЧржЫрзЗ      (  love you    +    love you),1
ржирж╛ржЯржХржЯрж╛ ржЕржирзЗржХ рж╕рзБржирзНржжрж░,1
ржжрж┐рж▓рзЗ ржерж┐ржХрж╛ ржнрж╛рж▓ рж▓рж╛ржЧржЫрзЗ ржнрж╛ржЗ,1
ржЖржорж╛рж░ ржоржирзЗ рж╣ржпрж╝ рж╢рзЗрж╖ ржкрж░рзНржпржирзНржд jerin ржПрж░ рж╕рж╛ржерзЗ ржмрж┐рзЯрзЗ рж╣рж▓рзЗ ржнрж╛рж▓рзЛ рж╣рждрзЛ ржЖржорж╛ржХрзЗ ржирж╛ржЯржХржЯрж┐ kadiyeche because jerin ржПрж░ рж╕рж╛ржерзЗ ржмрж┐рзЯрзЗ рж╣рж▓рзЗ ржнрж╛рж▓рзЛ рж╣рждрзЛ,1
ржУрзЯрж╛ржУ    ржоржиржЯрж╛ ржнрж░рзЗ ржЧрзЗрж▓     Thanks apurbo tisha   & shahin sir    ржПржд ржорж┐рж╖рзНржЯрж┐ ржПржХржЯрж╛ ржирж╛ржЯржХ ржжрзЗржЦрж╛рж░ рж╕рзБржпрзЛржЧ  ржХрж░рзЗ ржжрзЗржмрж╛рж░ ржЬржирзНржп   ,1
рж▓рж╛ржЗржлрзЗрж░ ржжрзЗржЦрж╛ рж╕ржмржЪрзЗрзЯрзЗ рж▓рзЗржЗржо ржирж╛ржЯржХ!,0
ржмрж╕ ржорж╛ржирзЗржЗ ржнрж╛рж▓ ржХрж┐ржЫрзБ ржЙржкрж╣рж╛рж░ ржжрзЗржУрзЯрж╛  рж╕рзЗрж▓рзБржЯ ржмрж╕ рждрзЛржорж╛ржХрзЗ ржПрждрзЛ ржнрж╛рж▓ рж▓рж╛ржЧрзЗ ржпрзЗ ржмрж▓рзЗ рж╢рзЗрж╖ ржХрж░рждрзЗ ржкрж╛рж░ржЫрж┐ ржирж╛,1
ржЖржорж╛рж░ ржжрзЗрж╢рзЗрж░ ржирж╛ржЯржХ ржЧрзБрж▓рзЛржЗ ржмрзЗрж╕рзНржЯ  ржХрзЗржи ржпрзЗ ржорж╛ржирзБрж╖ ржЗржирзНржбрж┐рзЯрж╛ржи рж╕рж┐рж░рж┐рзЯрж╛рж▓ ржжрзЗржЦрзЗ  ржирж┐рж╢рзЛ ржЖрж░ рждрж┐рж╢рж╛ ржЕрж╕рж╛ржзрж╛рж░ржг ржЕржнрж┐ржирзЯ ржХрж░рзЗржЫрзЗржи  ржзржирзНржпржмрж╛ржж,1
ржиржжрзА ржЦрзБржм рж╕рзБржирзНржжрж░,1
ржжрзЗржЦрж╛ рж╢рзБрж░рзБ ржХрж░рж▓рж╛ржо ржЖрж╕рж╛ ржХрж░рж┐ ржнрж╛рж▓рзЛ рж╣ржмрзЗ,1
ржнрж╛ржЗ ржЦрзЛржжрж╛рж░ ржХрж╕ржо ржЗрж░ржлрж╛ржи ржнрж╛ржЗржХрзЗ ржЬрзЬрж┐рзЯрзЗ ржжрж░рждрзЗ ржЗржЪрзНржЫрзЗ ржХрж░рждрзЗржЫрзЗ ржЕржирзЗржХ ржЕржирзЗржХ рж╕рзБржирзНржжрж░ ржПржХржЯрж╛ ржирж╛ржЯржХ рж╣рзЯрзЗржЫрзЗ,1
ржЖржорж┐ ржмрж╛ржВрж▓рж╛ржжрзЗрж╢рж┐ ржирж╛ржЯржХрзЗрж░ ржнржХрзНржд ржмрж┐рж╢рзЗрж╖ ржХрж░рзЗ ржЕржкрзВрж░рзНржм ржжрж╛рж░,1
ржЕрж╕рж╛ржзрж╛рж░ржг ржирж╛ржЯржХ...,1
ржЬржШржирзНржп ржЕрж╢рзНрж▓рзАрж▓ ржирж╛ржЯржХ  ,0
ржЖрж░ржлрж╛ржи ржирж┐рж╢рзБ ржнрж╛ржЗ ржзржирзНржпржмрж╛ржж ржнрж╛ржЗ ржЬрж╛ржи ржПрждрзЛ рж╕рзБржирзНржжрж░ ржорзЯ ржирж╛ржЯржХ ржХрж░рзЗржЫрзЗржи  ржнрж╛рж▓рзЗржмрж╛рж╕рж╛ ржЕржмрж┐рж░рж╛ржо рж╢рзБржн ржХрж╛ржоржирж╛ рж░ржЗрж▓рзЛ ржЖржкржирж╛рж░ ржкрзНрж░рждрж┐,1
рж╕рзЗржЗ рж╣ржЗржЫрзЗ,1
ржмрж╛рж╣ ржЕржирзНржирзЗржХ ржжрж┐ржи ржкрж░ ржоржи ржнрж░рзЗ ржПржХржЯрж╛ ржирж╛ржЯржХ ржжрзЗржЦрж▓ржо ржПржХ ржХржерж╛рзЯ ржЕрж╕рж╛ржзрж╛рж░ржг ржПржХржЯрж╛ ржХржерж╛ ржХрж┐ ржЬрж╛ржирзЗржи ржЕрж╛рж╕рж▓рзЗ best friend ржПржоржирж┐ рж╣рзЯ ржЕрж╛ржорж┐ friendship ржП ржмрж┐рж╢рзНржмрж╛рж╕рзА рждрж╛ржЗ ржЕрж╛ржорж╛рж░ ржХрж╛ржЫрзЗ ржПржХржЯрзБ ржмрзЗрж╢рж┐ ржнрж╛рж▓рзЛ рж▓рж╛ржЧржЫрзЗ ржирж╛ржорж╛ржЬ ржкрзЬрж╛рж░ scene ржЯрж╛ ржврзЗрж▓рзЗ ржжрзЗржЗржПржмрж╛рж░ рждрзБржорж┐ ржЕрж╛ржорж╛рж░рж┐ ржПрж░ ржЬржирзНржп ржЕржкржХрзНрж╖рж╛,1
ржмрж╕ рждрзБржорж┐ ржЫрж╛рзЬрж╛ рж╕ржмрж╛ржЗ ржЬрж┐рж░рзЛ рждрзБржорж┐ ржирж╛ржорзНржмрж╛рж░ рж╣рж┐рж░рзЛ  ржЖржкрзБ рждрзЛ ржкрзБрж░рж╛ржЗ ржкрж╛ржарж┐рзЯрзЗ ржжрж┐рж▓рзЛ  ржЖрж░рж┐рзЯрж╛ржи ржнрж╛ржЗ ржЖржкржирж╛рж░ ржЕржмрж╕рзНржерж╛ржи ржЖржмрж╛рж░ ржмрзБржЭрж┐рзЯрзЗ ржжрж┐рж▓рзЗржи  рж╕ржмрж╛ржЗ ржнрж╛рж▓ ржХрж░рзЗржЫрзЗ  рж▓рж╛ржн ржЗржЙ ржмрж╕ рж▓рж╛ржн ржЗржЙ,1
рж╢рж╛ржорзАржо ржнрж╛ржЗрзЯрж╛ ржЕржирзЗржХ ржнрж╛рж▓рзЛ,1
ржПржХ ржХржерж╛рзЯ ржЕрж╕рж╛ржзрж╛рж░ржг,1
ржкрж░рж┐ржЪрж╛рж▓ржХ ржЖрж░рж┐рзЯрж╛ржи ржнрж╛ржЗ рж╕рждрзНржпрж┐ржЗ ржкрзНрж░рж╢ржВрж╕рж╛рж░ ржжрж╛ржмрж┐ржжрж╛рж░  рж╕рзНржЯрзЛрж░рж┐ ржЯрж╛ ржЕрж╕рж╛ржзрж╛рж░ржг ржЫрж┐рж▓рзЛ  ржкрзНрж░рждрзНржпрзЗржХрзЗржЗ ржирж┐ржЬ ржирж┐ржЬ ржЕржмрж╕рзНржерж╛ржи ржерзЗржХрзЗ ржнрж╛рж▓рзЛ ржЕржнрж┐ржирзЯ ржХрж░рзЗржЫрзЗ рж╕рзНржкрзЗрж╢рж╛рж▓рзА ржорж┐ржерж┐рж▓рж╛рж░ ржмрж╛ржЪрзНржЪрж╛ржЯрж╛ ржЕржирзЗржХ ржХрж┐ржЙржЯ ржЫрж┐рж▓рзЛ!!!,1
ржХрж┐ рж╕рзБржирзНржжрж░ ржирж╛ржо рж╣ржЬрж░ржд ржорзБрж╣рж╛ржорзНржоржж (рж╕ржГ) Like......,1
ржЕрж╕рж╛ржзрж╛рж░ржи ржирж╛ржЯржХ,1
ржЕржирзЗржХ ржнрж╛рж▓рзЛ рж▓рж╛ржЧрж▓рзЛ ржзржирзНржпржмрж╛ржж,1
ржХрж┐ржЬрзЗ ржнрж╛рж▓рзЛ рж▓рж╛ржЧрж▓рзЛ ржХрж╛ржЙ ржХрзЗ ржмрж▓рзЗржмрзБржЭрж╛ржирзЛ ржпрж╛ржмрзЗ ржирж╛  ржХрж╛рж░ржи ржЬрзАржмржи рждрзЛ ржПржХ ржЯрж╛ржЗ ,1
ржПрж░ржХржо ржлрж╛рж▓рждрзБ ржорж╛рж░рзНржХрж╛ ржорзЗрзЯрзЗржжрзЗрж░ ржХрж╛рж░ржгрзЗржЗ ржХржд рж╕ржВрж╕рж╛рж░ ржнрж╛ржЩржЫрзЗ  ржЖрж░ ржкрзБрж░рзБрж╖ржжрзЗрж░ ржХржерж╛ рждрзЛ ржмрж▓рзЗржЗ рж▓рж╛ржн ржирж╛ржЗ,0
рж╕рзЗрж░рж╛ рж╕рзЗрж░рж╛.......,1
ржмрж╛рж▓рзЗрж░ ржирж╛ржЯржХ,0
рзй ржжрж┐ржирзЗ ржирж╛ржЯрзЛржХржЯрж╛ ржжрзЗржЦрзЗржЫрж┐ ржЖрж░ рж╕ржорзЯ ржжрзЗржЦрж┐ ржпржжрж┐  рж╢рзЗрж╖ рж╣рзЯрзЗ ржпрж╛рзЯ  рж╢рж╛рж╣рж┐ржи рж╢рж┐рж╣рж╛ржм ржнрж╛ржЗржХрзЗ ржЯрж┐ржорзЗрж░ рж╕ржмрж╛ржЗржХрзЗ ржЕржирзЗржХ ржжржирзНржпржмрж╛ржж ржЕржкрзВрж░рзНржм ржнрж╛ржЗ рждрж┐рж╢рж╛ ржЕржирзЗржХ ржжрж┐ржи ржЕржкрзЗржХрзНрж╖рж╛рж░ ржкрж░ ржПржХржЯрж╛ ржирж╛ржЯрзЛржХ ржжрзЗржЦрж▓рж╛ржо,1
ржЖ ржЦ ржо рж╣рж╛рж╕рж╛ржи ржПрж░ ржирж╛ржЯржХ ржорж╛ржирж┐ ржЕрж╕рж╛ржзрж╛рж░ржг  ржЖржкржирж╛ржжрзЗрж░ рж╕ржмрж╛ржЗржХрзЗ ржарзНржпрж╛ржВржХ(ржзржирзНржпржмрж╛ржж),1
ржЫрзЗржЪрж░рж╛ржЧрж╛рж░рж┐рж░рзЗ ржмрж┐рзЯрзЗ ржХрж░рж╛ржЯрж╛ ржарж┐ржХ рж╣рзЯ ржирж╛ржЗ  рждрж╛рж░рзЗ ржЖрж░ржУ ржмрзЗрж╢рж┐ ржХрж╖рзНржЯ ржжрзЗржУрзЯрж╛ ржЙржЪрж┐рзО ржЫрж┐рж▓  ,0
ржПржЧрзБрж▓рзЛ ржХржирзЛ ржирж╛ржЯржХрзЗрж░ ржкрж░рзНржпрж╛рзЯрзЗржЗ ржкрж░рзЗ ржирж╛ ржХрж░рж┐ржо рж╕рж╛рж╣рзЗржмрзЗрж░ ржЯрж╛ржХрж╛рж░ ржжрж░ржХрж╛рж░ ржЖржЫрзЗ ржмрзБржЭрж┐ ржПржд ржирж┐ржорзНржиржорж╛ржирзЗрж░ ржХрж╛ржЬ ржХрж░рзЗ ржХрзЗржоржирзЗ????????????,0
рж╕рзЗрж░рж╛ ржИржжрзЗрж░ ржирж╛ржЯржХ...ржЪрзЛржЦрзЗ ржЬрж▓ ржЪрзЛрж▓рзЗ ржПрж▓рзЛ ,1
рж╢рзЗрж╖рзЗрж░ ржбрж╛рзЯрж▓ржЧ ржЯрж╛ рж╕рзЗржЗ рж▓рж╛ржЧрж▓рзЛ,1
ржЖржорж╛рж░ ржЕржирзЗржХ ржЗржЪрзНржЫрзЗ ржЫрж┐рж▓рзЛ ржЕржнрж┐ржирзЯ ржХрж░рж╛рж░ рз╖ рждрж╛рж░ ржЬржирзНржп ржЕржирзЗржХ ржпрж╛рзЯржЧрж╛рждрзЗ ржЯрж╛ржХрж╛ ржЦрж░ржЪржУ ржХрж░рзЗржЫрж┐ рз╖ ржХрж┐ржирзНрждрзБ рж╣рждрзЗ ржкрж╛рж░рж┐  ржирж┐ рз╖ ржпржжрж┐ ржПржХржЬржи ржЕржнрж┐ржирзЗрждрж╛ рж╣рждрзЗ ржкрж╛рж░рждрж╛ржо рждрж╛рж╣рж▓рзЗ рж╣рзЯржд ржЖржорж┐ржУ ржЗрж░ржлрж╛ржи ржнрж╛ржЗрзЯрж╛рж░ ржорждрзЛ ржЖржкржирж╛ржжрзЗрж░ ржЖржорж┐ржУ ржПржХржЯрж╛  Bed scene  ржЙржкрж╣рж╛рж░ ржжрж┐рждрзЗ ржкрж╛рж░рждрж╛ржо рз╖ ржЬрж╛ржирж┐ ржирж╛ ржХрзЛржиржжрж┐ржи ржЕржнрж┐ржирзЗрждрж╛ рж╣рждрзЗ ржкрж╛рж░ржмрзЛ ржХрж┐ ржирж╛ рз╖   ржЖржЬржХрзЗ ржЖржорж╛рж░ ржХрж╛ржЫрзЗ  ржоржирзЗ рж╣ржЪрзНржЫрзЗ  ржмрж╛ржорзБржи  рж╣рзЯрзЗ ржЪрж╛ржБржж ржзрж░рж╛рж░ рж╕рзНржмржкрзНржи ржжрзЗржЦрждрзЗ ржирзЗржЗ   ржкрзНрж░ржмрж╛ржжржЯрж┐ ржЖрж╕рж▓рзЗржЗ рж╕рждрзНржп рз╖ ржХрж┐ржирзНрждрзБ ржпржжрж┐ ржХрзЛржиржжрж┐ржи ржмрж╛ржорзБржи рж╣рзЯрзЗржЗ ржпрж╛ржЗ ржЪрж╛ржжржБ рждрзЛ ржПржирзЗ ржжрж┐рждрзЗ ржкрж╛рж░ржмрзЛ ржирж╛ рз╖ рж╣рзЯржд  ржЖрж░рзЗржХржЯрж┐ Bed Scene   ржЙржкрж╣рж╛рж░ ржжрж┐рж▓рж╛ржо рз╖ рж╕ржмрж╛ржЗ ржЖржорж╛рж░ ржЬржирзНржп  ржжрзЛрзЯрж╛ ржХрж░ржмрзЗржи рз╖ ржЖрж░рзЗржХржЯрж┐ ржХржерж╛ ржмрж▓рждрзЗ ржнрзБрж▓рзЗ ржЧрзЗржЫрж┐ рз╖ ржЖржкржирж╛рж░ ржирж╛ржЯржХржЯрж╛ рж╕рждрзНржпрж┐ ржЖржорж┐ ржЖржорж╛рж░ ржЬрж┐ржмржирзЗ ржХрж╛ржЬрзЗ рж▓рж╛ржЧрж╛рждрзЗ ржЪрзЗрж╖рзНржЯрж╛ ржХрж░ржмрзЛ рз╖ржЖрж▓рзНрж▓рж╛рж╣ рж╣рж╛ржлрзЗржЬ ржЖрж╕рж╕рж╛рж▓рж╛ржорзБ ржЖрж▓рж╛ржЗржХрзБржо рз╖,1
ржирж╛ржЯржХ ржЯрж╛ ржЕржирзЗржХ рж╕рзБржирзНржжрж░ рж╣рзЯрзЗржЫрзЗ   ржнрж╛ржЗрзЯрж╛ ржПржмржВ ржЖржкрзБрж░ ржЕржнрж┐ржирзЯ ржЕржирзЗржХ ржмрж╛рж╕рзНрждржмрж┐ржХ ,1
ржирж┐рж╢рзБ ржмрж╕     great man ...ржХрзЗ ржирж┐рж╢рзБ ржнрж╛ржЗ ржПрж░ ржкрж╛ржЧрж▓рж╛ ржнржХрзНржд    ржжрзЗржЦрждрзЗ ржЪрж╛ржЗ,1
ржирж╛ржЯржХржЯрж╛ ржнрж╛рж▓ржЗ рж▓рж╛ржЧрж▓  рждржмрзЗ ржПржЯрж╛рж░ ржЙрждрзНрждрж░ ржорзЗрж▓рж╛рждрзЗ ржкрж╛рж░ржЫрж┐ ржирж╛ ржпрзЗ ржмрж╛ржЪрзНржЪрж╛ ржЬржирзНржорзЗрж░ рззрзж ржмржЫрж░рзЗрж░ ржорж╛ржерж╛рзЯ ржХрж▓рзЗржЬрзЗ ржпрж╛рзЯ ржХрж┐ржнрж╛ржмрзЗ?,1
рж╕ржм ржмрж╛ржЬрзЗ ржирж╛ржЯржХ,0
ржирж╛ржЯржХ  ржЯрж╛ ржЦрзБржм ржнрж╛рж▓рзЛ ржЫрж┐рж▓рзЛ,1
ржЫрж┐ ржЫрж┐ ржЫрж┐ ...  ржирзЗрж╛ржВрж░рж╛ ржЪрзБ.....??? ржпрждрж╕ржм ржмрж╛рж▓ ржЫрж╛рж▓ short flim ,0
ржмрж╛рж▓рзЗрж░ ржирж╛ржЯржХ рж╕ржорзЯржЯрж╛ ржирж╖рзНржЯ рж╣ржЗржЫрзЗ  ржПржоржи ржЧрж╛ржБржзрж╛ ржЫрзЗрж▓рзЗрж░ ржЕржнрж┐ржирзЯ ржмрж╛рж╕рзНрждржм ржЬрзАржмржирзЗрж░ рж╕рж╛ржерзЗ ржХрзЛржи ржнрж╛ржмрзЗржЗ ржпрж╛рзЯ ржирж╛ рждрж╛ржжрзЗрж░ ржЕржлрж┐рж╕рзЗ ржбрзБржХрзЗ рждрж╛ржжрзЗрж░ ржЕрждрзНржпрж╛ржЪрж╛рж░ ржХрж░рзЗ ржмрж╛рж╣рзН ржкрзБрж░рзБрж╖рж╣рж┐ржЬрж░рж╛ рж╣рж▓рзЗржУ ржнрж╛рж▓рзЛ рж▓рж╛ржЧрждрзЛ ржлрж╛рж▓рждрзБ ржирж╛ржЯржХ?,0
ржмрж╛рж▓рзЗрж░ ржЕржнрж┐ржирзЯ ржмрж╛рж▓рзЗрж░ ржирж╛ржЯржХ рж▓рзБрж▓ ,0
ржЕржкрзВрж░рзНржмрж░ ржирж╛ржЯржХ ржХрж┐ржЫрзБ ржмрж▓рж╛ рж▓рж╛ржЧрзЗ ржирж╛,1
ржирж╛ржЯржХржЯрж╛ ржмрзЗрж╕рзНржЯ  ,1
рж╕рждрзНржпрж┐ ржирж╛ржЯржХржЯрж╛ ржЦрзБржм ржЙржкржнрзЛржЧ ржХрж░рж▓рж╛ржо ржЕржмрж╢рзЗрж╖рзЗ ржжрзБ ржЪрзЛржЦрзЗрж░ ржкрж╛ржирж┐ ржлрзЗрж▓рзЗ ржПржХржЯрзБ ржХрж╛ржжрж▓рж╛ржо  ржЕрждрзАрждрзЗрж░ ржХржерж╛ ржоржирзЗ ржХрж░рзЗ  рж╕рждрзНржпрж┐ржЗ ржЕрж╕рж╛ржзрж╛рж░ржг,1
ржирж┐рж╢рзЛ ржнрж╛ржЗрзЯрзЗрж░ рж╕рзНржЯрж╛ржЗрж▓ржЯрж╛ ржЖржорж╛рж░ ржжрж╛рж░рзБржи рж▓рж╛ржЧрзЗ  ржЧрж▓рзНржкржЯрж╛ ржЖржорж╛рж░ рж╣рзБржмрж╣рзБ ржЖржорж╛рж░ ржЬрзАржмржирзЗ ржШржЯржЫрзЗ  ржХрж┐ржирзНрждрзБ ржЖржорж┐ рждрж╛ржХрзЗ ржкрж╛ржЗ ржирж╛ржЗ  рждржмрзБржУ рж╕рзЗ ржнрж╛рж▓рзЛ ржерж╛ржХрзБржХ ржЖрж░ ржнрж╛рж▓рзЛржерж╛ржХрзБржХ ржнрж╛рж▓рзЛржмрж╛рж╕рж╛ржЧрзБрж▓рзЛ   ,1
ржЕржирзЗржХ рж╕рзБржирзНржжрж░ рж╣рзЯрзЗржЫрзЗ ржкрзБрж░рзЛржЯрж╛ржЗ ржоржи ржнрж░рзЗ ржжрзЗржЦрзЗржЫрж┐.,1
ржЖрж░рж┐рзЯрж╛ржи ржнрж╛ржЗ ржЖржкржирж╛рж░ ржирж╛ржЯржХ ржЧрзБрж▓рзЛ ржЦрзБржм ржнрж╛рж▓ рж▓рж╛ржЧрзЗ ржПрж░ржХржо   ржирж╛ржЯржХ ржЖржкржирзЗ ржЖрж░рзЛ рждрзИрж░рж┐ ржХрж░рзЗржи,1
ржирж┐рж╕рзБ     ржорж╛ржирзЗ рж╕рзЗрж░рж╛    ржмрж╛ржВрж▓рж╛ржмрж╛ржВрж▓рж╛рж░ рж╕рзЗрж░рж╛ ржирж╛ржЯржХ,1
ржирж╛ржЯржХ ржЯрж╛ ржнрж╛рж▓ рж▓рж╛ржЧрж▓рзЛ ржзржирзНржпржмрж╛ржж ржкрж░рж┐ржЪрж╛рж▓ржХ ржХрзЗ ржкрж╛рж╢рж╛ржкрж╛рж╢рж┐ ржзржирзНржпржмрж╛ржж ржпрж╛рж░рж╛ ржЕржнрж┐ржирзЯ ржХрж░рзЗржЫрзЗ,1
ржнрж╛рж▓ ржорзНржпрж╛рж╕рзЗржЬ   ржЕржорж┐ ржнрж╛ржЗ,1
ржЖрж░рж┐рзЯрж╛ржи ржнрж╛ржЗ ржирж╛ржЯржХ ржЯрж╛ ржЕржирзЗржХ ржЕржирзЗржХ ржнрж╛рж▓ ржпрж╛ ржХржЦржирзЛ ржнрзБрж▓рж╛рж░ ржирж╛ ржПржЗ ржИржжрзЗ ржП ржирж╛ржЯржХ ржЯрж╛ рж╕рзЗрж░рж╛ рж╣ржмрзЗ  ржжрзЛрзЯрж╛ ржХрж░рж┐ ржЖрж░рзЛ ржнрж╛рж▓ ржнрж╛рж▓ ржирж╛ржЯржХ ржЖржорж╛ржжрзЗрж░ ржХрзЗ ржЙржкрж╣рж╛рж░ ржжрж┐рждрзЗ ржкрж╛рж░ржмрзЗржи ржнрж╛рж▓ ржерж╛ржХржмрзЗржи рж╢рзЛржн ржХрж╛ржоржирж╛,1
ржирж╛рж╕рзНрждрж┐ржХ ржЖрж░ ржХрзБрждрзНрждрж╛рж░ ржЬржирзНржо ржпрж╛ржжрзЗрж░ рж╕рзЗржЗ ржирзЛржВрж░рж╛ ржкрж░рж┐ржмрж╛рж░ ржПржЗ ржирж╛ржЯржХрзЗ,0
ржмрзЬ ржЫрзЗрж▓рзЗ  ржмрзНржпрж╛ржЪ  ржЖржорж╛рж░ ржоржирзЗ рж╣рзЯ рж╕ржмрж╛ржЗ ржПржХржмрж╛рж░ рж╣рж▓рзЗржЗ ржжрзЗржЦрж╛ ржЕржЫрж┐ржд ржзржирзНржпржмрж╛ржж ржкрж░рж┐ржЪрж╛рж▓ржХ ржЖрж░рж┐рзЯрж╛ржи ржнрж╛ржЗ ржХрзЗ,1
ржЖржорж╛рж░ ржорждрзЛ ржХрзЗ ржХрзЗ ржЖрж░ржлрж╛ржи ржирж┐рж╢рзЛрж░ ржкрж╛ржЧрж▓рж╛  ржлрзНржпрж╛ржи ржЖржЫрзЛ  ржПржмржВ ржирж╛ржЯржХржЯрж╛ ржнрзЗрж░рж┐ ржирж╛ржЗрж╕,1
ржЕрж╕рж╛ржзрж╛рж░ржг ржПржХржЯрж┐ ржирж╛ржЯржХ ржжрзЗржЦрж▓рж╛ржо ржЖрж╕рж▓рзЗ ржмрзБржХрзЗрж░ ржмрж╛ ржкрж╛рж╢рзЗ ржЖрж░ ржПржЗ ржирж╛ржЯржХ ржЯрж┐ ржмрж▓рждрзЗ ржЧрзЗрж▓рзЗ ржЕрж╕рж╛ржзрж╛рж░ржг рж╣рзЯрзЗржЫрзЗ  ржорж┐ржЬрж╛ржирзБрж░ рж░рж╣ржорж╛ржи ржнрж╛ржЗ ржХрзЗ ржзржирзНржпржмрж╛ржж ржжрж┐рзЯрзЗ ржЫрзЛржЯ ржХрж░рждрзЗ ржЪрж╛ржЗ ржирж╛  ржПрж░ржХржо ржЖрж░ржУ рж╕рзБржирзНржжрж░ ржирж╛ржЯржХ ржЙржирж┐ ржЙржкрж╣рж╛рж░ ржЖржорж╛ржжрзЗрж░ ржХрзЗ ржжрж┐рзЯрзЗ ржпрж╛ржмрзЗржи ржЖрж╕рж╛ ржХрж░рж┐,1
ржнрж╛ржмрждрзЗ ржЦрзБржм ржЦрж╛рж░рж╛ржк рж▓рж╛ржЧрзЗ ржмрж╛ржВрж▓рж╛ ржирж╛ржЯржХрзЗ ржПржнрж╛ржмрзЗ ржЕрж╢рзНрж▓рзАрж▓ржнрж╛ржмрзЗ ржЧрж╛рж▓рж┐ржЧрж╛рж▓рж╛ржЬ ржпрзЗржЯрж╛ ржПржХрж╕ржоржпрж╝ ржмрж╛ржВрж▓рж╛ рж╕рж┐ржирзЗржорж╛рждрзЗ ржЫрж┐рж▓ ржирж╛ржЯржХ ржпржжрж┐ ржмрж╛ржВрж▓рж╛ рж╕рж┐ржирзЗржорж╛рж░ ржорждржи рж╣ржпрж╝рзЗ ржпрж╛ржпрж╝ рждрж╛рж╣рж▓рзЗ ржЖржорж░рж╛ ржнрж╛рж▓рзЛ ржХрж┐ржЫрзБ рж╢рж┐ржЦржм ржХрзЛржерж╛ ржерзЗржХрзЗ?,0
рж╕рзЗрж░рж╛ ржлрж╛рж▓рждрзБ ржирж╛ржЯржХ рззржЯрж╛,0
ржПржХ ржХржерж╛рзЯ ржЕрж╕рж╛ржзрж╛рж░ржг ржЕржирзЗржХ ржнрж╛рж▓рзЛ рж▓рж╛ржЧрж▓рзЛ рж╕ржмрж╛ржЗ ржпрж╛рж░ ржпрж╛рж░  ржЬрж╛рзЯржЧрж╛ ржерзЗржХрзЗ ржЦрзБржм рж╕рзБржирзНржжрж░ ржЕржнрж┐ржирзЯ ржХрж░рзЗржЫрзЗ   ржзржирзНржпржмрж╛ржж рж╕ржмрж╛ржЗржХрзЗ ,1
ржирж╛ржЯржХржЯрж╛ рж╕ржм ржжрж┐ржХ ржерзЗржХрзЗ ржмрж╛ржЬрзЗ ржЫрж┐рж▓рзЛ ржЗржиржбрж╛рзЗрж░ржХрзНржЯрж▓рж┐ рж╕ржм ржмрж╛ржЬрзЗ ржХрж╛ржЬ ржУ рж╕рзНржорзЛржХрж┐ржВржХрзЗ ржЙрзОрж╕рж╛рж╣рж┐ржд ржХрж░рж╛ рж╣рзЯрзЗржЫрзЗ,0
ржлрж╛рж▓рждрзБ ржмрж▓рж▓рзЗржУ ржХржо рж╣ржмрзЗ ржкрзБрж░рзЛ рж╕ржорзЯржЯрж╛ржЗ ржирж╖рзНржЯ ржмрж┐рж░ржХрзНрждрж┐ржХрж░ рж╕рзНржХрзНрж░рж┐ржкрзНржЯ+ржПржХржЯрж┐ржВ,0
ржЕрж╕рж╛ржзрж╛рж░ржг ржирж╛ржЯржХ ,1
рж╕рждрзНржпрж┐ ржнрж╛рж▓рзЛржмрж╛рж╕рж╛ ржЧрзБрж▓рзЛ ржПржЗ ржнрж╛ржмрзЗ ржмрзЗржБржЪрзЗ ржерж╛ржХрзБржХ рж╕рж╛рж░рж╛ржЬрзАржмржи ......ржПржХ ржХржерж╛ржпрж╝ ржЕрж╕рж╛ржзрж╛рж░ржг ржПржХржЯрж┐ ржирж╛ржЯржХ,1
ржУржорж┐ ржнрж╛ржЗ ржпрждрзЛ ржЧрзБрж▓рж╛ ржирж╛ржЯржХ ржмрж╛ржирж╛рзЯ рж╕ржм ржЧрзБрж▓рж╛ ржЦрзБржм рж╕рзБржирзНржжрж░ рж╣рзЯ,1
рж╕ржорзЯ ржирж╖рзНржЯ ржХрж░рж▓рж╛ржо рждрж░ ржмрж╛ржкрзЗрж░ ржкрж╛ ржжрж┐рзЯрж╛ ржХрж╛ржЪрзНржЪрж┐ рж╕рж╛рж▓рж╛,0
рж╢рзЗрж╖рзЗ ржирж╛ржорж╛ржЬрзЗрж░ ржЬржирзНржп ржЙржкржжрзЗрж╢ржЯрж╛ ржжрзЗржУржпрж╝рж╛рж░ ржЬржирзНржп ржЕрж╕ржВржЦрзНржп ржзржирзНржпржмрж╛ржж    ржнрж╛рж▓рзЛржмрж╛рж╕рж╛ ржЯрж╛ ржЖрж░рзЛ ржмрзЗржбрж╝рзЗ ржЧрзЗрж▓  рж╕ржмрж╛ржЗржХрзЗ ржЖрж▓рзНрж▓рж╛рж╣ рж╕ржарж┐ржХ ржкржерзЗ ржЪрж▓рж╛рж░ рждрзМржлрж┐ржХ ржжрж╛ржи ржХрж░рзБржи  ржЖржорзАржи,1
ржЖржЪрзНржЫрж╛ ржнрж╛ржЗ рж╕ржм ржирж╛ржЯржХрзЗржЗ ржкрзНрж░рзЗржо рж╢рзБрж░рзБ рж╣ржЗрж▓рзЗржЗ ржирж╛рзЯрж┐ржХрж╛рж░ ржмрж┐рзЯрзЗ ржарж┐ржХ рж╣рзЯ ржХрзЗржи? :o,1
ржЧрж╛ржиржЯрж╛ рж╕рзБржирзНржжрж░   ржЕржнрж┐ржирзЯ ржУ рж╕рзЗржЗ,1
рж╕рждрзНржпрж┐ржЗ рж╕рж┐рж╣рж╛ржм ржнрж╛ржЗржЬрж╛ржи рждрзБржорж╛рж░ ржкрзНрж░рждрж┐ ржжрзЛрзЯрж╛ рж░ржЗрж░рзЛ ржЖржорж╛ржжрзЗрж░ ржПрж░ржЦржо ржирж╛ржЯржХ ржжрзЗржЦрж╛ржирзЛрж░ ржЬржирзЛ,1
ржХрж┐ржЫрзБржЗ ржмрж▓рж╛рж░ ржирж╛ржЗ рж╢рзЗрж╖рж╛ржВрж╢рзЗ ржЪрзЛржЦрзЗрж░ ржЬрж▓ ржзрж░рзЗ рж░рж╛ржЦрждрзЗ ржкрж╛рж░рж▓рж╛ржо ржирж╛ ржмрзГржирзНржжрж╛ржмржи ржжрж╛' ржЖржкржирж╛рж░ рж░ржЪржирж╛ рж╕рждрзНржпрж┐ржЗ ржЕрж╕рж╛ржзрж╛рж░ржг ,1
ржмрж╛рж▓рзЗрж░ ржирж╛ржЯржХ,0
ржПржд  ржорж┐ржЙржЬрж┐ржХ ржмрж╛рж▓рзЗрж░  ржирж╛ржЯржХ,0
ржПржЯрж╛ ржХрзЛржи ржирж╛ржЯржХ рж╣рж▓рзЛ,0
ржЕрж╕рж╛ржзрж╛рж░ржг   ,1
ржмрзЬ ржЫрзЗрж▓рзЗрж░ ржкрж░ ржЖрж░рж┐рзЯрж╛ржи ржнрж╛ржЗрзЯрзЗрж░ рж╕рзЗрж░рж╛ ржирж╛ржЯржХ ,1
ржирж╛ржорж╛ржЬ рж╕рждрзНржпрж┐ржЗ рж╢рж╛ржирзНрждрж┐ ржмрж┐рж▓рж╛рзЯржорзЗрж╕рзЗржЬржЯрж╛ ржЦрзБржм ржнрж╛рж▓рзЛ рж▓рж╛ржЧржЫрзЗ ржмрж╛ржЗ..ржЖржорж╛ржжрзЗрж░ рж╕ржмрж╛рж░ ржжрж┐ржирзЗ рж░рж╛рждрзЗ  ржУрзЯрж╛ржХрзНржд ржирж╛ржорж╛ржЬ ржЖржжрж╛рзЯ ржХрж░рж╛ ржЙржЪрж┐рзО ржПржжрзЗрж░ ржоржи ржорзЗржЬрж╛ржЬ ржЖрж░ рж╕ржм ржерзЗржХрзЗ ржмрзЬ ржХржерж╛ ржЖрж▓рзНрж▓рж╛рж╣ ржЦрзБрж╢рж┐ рж╣ржи,1
ржПржЗржЯрж╛ ржХрзЛржирзЛ ржирж╛ржЯржХ рж╣ржЗрж▓?,0
рж╕рждрзНржпржЗ ржЪрзЛржБржЦрзЗрж░ ржЬрзНржмрж▓ ржЖржЯржХрж╛ржЗрждрзЗ ржкрж╛рж░рж▓рж╛ржо ржирж╛  ржР ржирж╛ржЯржХрзЗрж░ ржкрж░рж┐ржЪрж╛рж▓ржХ ржУ рж▓рзЗржЦржХрзЗрж░ ржкрзНрж░рждрж┐ рж░рж╣рж┐рж▓ ржмрж┐ржиржорзНрж░ рж╢рзНрж░ржжрзНржзрж╛ ,1
рж╕ржм ржорж┐рж▓рж┐рзЯрзЗ ржПржХ ржХржерж╛рзЯ ржЕрж╕рж╛ржзрж╛рж░ржг ржПржХржЯрж┐ ржирж╛ржЯржХ   ,1
Allows love afran niso & mehajaben    ржЖржорж┐ржУ ржПржХржЬржиржХрзЗ ржнрж╛рж▓рзЛржмрж╛рж╕рж┐ ржХрж┐ржирзНрждрзБ рж╕рзЗ ржХржЦржирзЛ ржмрзЛржЭрж╛рж░ ржЪрзЗрж╕рзНржЯрж╛ ржХрж░рзЗржирж┐,1
ржЕржирзЗржХ ржнрж╛рж▓ рж▓рж╛ржЧрж▓рзЛ  ржжрж╛рж░рзБржг,1
ржЦрзБржм ржнрж╛рж▓рзЛ,1
ржПржоржи ржнрж╛рж▓ржмрж╛рж╕рж╛ ржжрзЗржЦрзЗ ржоржирзЗ рж╣рзЯ ржнрж╛рж▓ржмрж╛рж╕рждрзЗ,1
From USA ржПржХ ржХржерж╛рзЯ ржЕрж╕рж╛ржзрж╛рж░ржг ржЧрж▓рзНржк ржПржмржВ ржЧрж╛ржиржЯрж╛ ржУ ржжрж╛рж░рзБржи  Love Love and Love,1
ржЦрзБржм рж╕рзБржирзНржжрж░!,1
ржЕржкрзВрж░рзНржм рждрзБржорж┐ ржЕржкрзВрж░рзНржм  <,1
ржЪрзЛржжржирж╛ рж╣ржЗрждрзЗ ржЪрж╛ржЗрж▓рзЗ ржПржЗржЯрж╛ ржжрзЗржЦрж╛ ржЙржЪрж┐ржд  ржорж╛....ржЪрзЛржжрж░рж╛ ржирж╛ржЯржХ ржмрж╛ржирж╛рзЯ ,0
ржирж╛ржЯржХ ржЯрж╛ рж╕рждрзНржпрж┐ ржнрж╛рж▓рзЛ рж▓рж╛ржЧржЫрзЗ ,1
ржПржХ ржХржерж╛рзЯ ржЕрж╕рж╛ржзрж╛рж░ржг   ,1
рж╢рж╛ржорзАржо ржнрж╛ржЗ ржЖржкржирж╛рж░ ржХрж╛ржЫрзЗ ржПрж░ржХржо ржЕрж╢рзНрж▓рзАрж▓ ржирж╛ржЯржХ ржирж╛ржЯржХ ржЖрж╢рж╛ ржХрж░рж┐ржирж┐,0
ржЕрж╕рж╛ржзрж╛рж░ржи ржПржХржЯрж╛ ржирж╛ржЯржХ !ржЪржЮрзНржЪрж▓ ржжрж╛  ржмрзГржирзНржжрж╛ржмржи ржжрж╛ржжрж╛ рж╢рж╛рж╣рж╛ржирж╛ржЬ ржЖржкрж╛   ржУржирж╛ржжрзЗрж░ ржЫрзЗрж▓рзЗ рж╕ржмрж╛ржЗ ржПржХржЯрж╛ great team!!!,1
ржЕржирзЗржХ ржнрж╛рж▓рзЗрж╛ рж▓рж╛ржЧржЫрзЗ,1
рж╕рзЗржЗ ржнрж╛рж▓рзЛ рж▓рж╛ржЧржЫрзЗ  ржХрж┐ржирзНрждрзБ рж╢рзЗрж╖рзЗрж░ ржХржерж╛ ржЧрзБрж▓рзЛ ржнрж┐рждрж░рзЗ рж▓рж╛ржЧржЫрзЗ! рж╕ржм ржорж┐рж▓рж┐рзЯрзЗ ржнрж╛рж▓рзЛ рж▓рж╛ржЧрж▓рзЛ ржирж╛ржЯржХ ржЯрж╛!,1
рж╕рждрзНржпрж┐ржХрж╛рж░рзЗрж░ ржнрж╛рж▓рзЛржмрж╛рж╕рж╛ ржПржоржирж┐ рж╣ржУрзЯрж╛ ржжрж░ржХрж╛рж░ ,1
ржорж┐ржЬрж╛ржирзБрж░ рж░рж╣ржорж╛ржи ржЖрж░рж┐рзЯрж╛ржи ржнрж╛ржЗ ржорж╛ржирзЗржЗ ржЕрж╕рж╛ржзрж╛рж░ржг рж░рзЛржорж╛ржирзНржЯрж┐ржХ,1
ржПржд рж╕рзБржирзНржжрж░ ржХрзЗржи ржПржЗ ржирж╛ржЯржХржЧрзБрж▓рзЛ,1
ржмржирзНржзрзБ ржмрж▓рждрзЗ ржХрж┐ржЫрзБ ржирзЗржЗ  рж╣рзЯ ржЫрзЗрж▓рзЗржЯрж╛ ржорзЗрзЯрзЗржЯрж┐рж░ ржкрзНрж░рзЗржорзЗ ржкрж░рзЗ ржЖрж░ ржирж╛ рж╣рзЯ ржорзЗрзЯрзЗржЯрж┐ ржЫрзЗрж▓рзЗржЯрж╛рж░ ржкрзНрж░рзЗржорзЗ ржкрж░рзЗ ржЖрж░ ржмрж▓рждрзЗ ржирж╛ ржкрж╛рж░рж╛ржЯрж╛ ржмржирзНржзрзБржд рж╣рзЯрзЗ ржерж╛ржХрзЗ,1
best  of Luke ... ржирж╛ржЯржХржЯрж╛ ржЕржирзЗржХ ржнрж╛рж▓ рж▓рж╛ржЧржЪрзЗ  ржПржоржи ржирж╛ржЯржХ ржЖржорж░рж╛ ржЖржмрж╛рж░ ржпрзЗржи ржкрзЗрждрзЗ ржкрж╛рж░рж┐...##,1
ржЕржирзЗржХ ржХрж╛ржБржжрж▓рж╛ржо   ржЦрзБржм ржнрж╛рж▓рзЛ рж▓рж╛ржЧрж▓рзЛ.   aarfan nisho   рждрж╛ржиржЬрж┐ржирж╛ рждрж┐рж╢рж╛  ржЕрж╕ржорзНржнржм ржнрж╛рж▓рзЛ actor   actress. Keep it up.  ржЖрж░рзЛ ржирж╛ржЯржХ ржжрзЗржЦрж╛рж░ ржЕржкрзЗржХрзНрж╖рж╛ рзЯ ржерж╛ржХрж▓рж╛ржо.  Jiya   from  INDIA.,1
ржЬрж╛рж░рж╛ ржПржЦрж╛ржирзЗ ржЗрж╕рж▓рж╛ржо ржирж┐рзЯрзЗ ржХржерж╛ ржмрж▓рждрж╛ржЫрзЗржи рждрж╛ржжрзЗрж░ ржоржирзЗ рж╣рзЯ ржкрж╛ржмржирж╛ рж╣рж╛рж╕ржкрж╛рждрж╛рж▓рзЗ ржУ ржарж╛ржЗ рж╣ржмрзЗ ржирж╛ ржПржЧрзБрж▓рзЛ ржмрж╛ржж ржжрж┐рзЯрзЗ ржнрж╛рж▓рзЛ рж╣ржи ,0
рж╢рж╛ржорзАржо ржнрж╛рж▓ ржЕржнрж┐ржирзЯ ржХрж░рзЗржЫрзЗ   рждржмрзЗ ржмрж╛рж╕рзНрждржмрзЗржУ ржПржоржи ржкрзНржпрж╛рж░рж╛ржмрж╛ржЬ ржмрзЬ ржнрж╛ржЗ ржУ ржбрзНрж░рж╛ржЗржнрж╛рж░ ржЖржЫрзЗ ,1
ржПржЗ ржирж╛ржЯржХ ржЯрж┐рждрзЗ рж░рж┐ржжрзЯ ржЫрзБрзЯрзЗ ржЧрзЗрж▓рзЛ,1
ржЕржирзЗржХ ржнрж╛рж▓рзЛ ржЫрж┐рж▓ ,1
ржПржЗ ржкрзНрж░ржержо ржжрзЗржЦрж▓рж╛ржо ржорзЛрж╕рж╛рж░рзНрж░рж╛ржл ржХрж░рж┐ржорзЗрж░ ржЕржнрж┐ржирзЯ ржкрж╛рж░рзНржлрзЗржХрзНржЯ рж╣рзЯ ржирж╛ржЗ ржХрж╛рж░ржг рж░ржЪржирж╛ржЯрж╛ рж╕рж╛ржБржЬрж┐рзЯрзЗ рж▓рж┐ржЦрждрзЗ ржкрж╛рж░рзЗ ржирж╛ржЗ ,0
рждрзЛржорж╛рж░ ржЬржирзНржп ржнрж╛рж▓ржмрж╛рж╕рж╛рж░ ржмрж┐ржкрж░рзАржд рж╢ржмрзНржжржЯрж╛ржУ ржнрж╛рж▓ржмрж╛рж╕рж┐,1
ржЖржорж╛рж░ ржжрзЗржЦрж╛ рж╕рзЗрж░рж╛ ржирж╛ржЯржХрзЗрж░ ржПржХржЯрж┐,1
ржЕрж╕рж╛ржзрж╛рж░ржг ржПржХржЯрж┐ ржирж╛ржЯржХ ржжрзЗржЦрж▓рж╛ржо   ржЖрж░  ржЖржорж╛рж░ ржХрж╛ржЫрзЗ ржирж┐рж╢рзЛ ржнрж╛ржЗ ржПрж░ ржЕржнрж┐ржиржпрж╝ ржЕржирзЗржХ ржнрж╛рж▓рзЛ рж▓рж╛ржЧрзЗ   ржЖржорж┐ ржирж┐рж╢рзЛ ржнрж╛ржЗ ржПрж░ рж╕ржм ржирж╛ржЯржХ ржжрзЗржЦрж┐ ржПржХржЯрж╛ржУ ржорж┐рж╕ ржХрж░рж┐ ржирж╛,1
ржЕрж╕рж╛ржзрж╛рж░ржг рж╣рзЯрзЗржЫрзЗ  ржнрж╛рж▓ржмрж╛рж╕рж╛ ржорж╛ржЭрзЗ ржорж╛ржЭрзЗ Only me ржХрж░рзЗржЗ рж░рж╛ржЦрж╛ ржЙржЪрж┐рзО ржЖржорж╛ржжрзЗрж░ ржирж┐ржЬрзЗржжрзЗрж░ ржнрж╛рж▓рзЛрж░ ржЬржирзНржпрзЗ ,1
рж╢рзБржн ржХрж╛ржоржирж╛ ржУ ржЕржнрж┐ржиржирзНржжржи,1
ржмрж╛рж░ ржмрж╛рж░ ржирж╛ржЯржХрзЗрж░ ржорж╛ржЭрзЗ ржПржб ржжрж┐рж▓рзЗ ржнрж╛ржЗрзЯрж╛ ржХрзЛржоржи рж▓рж╛ржЧрзЗ,0
ржЕрж╕рж╛ржзрж╛рж░ржг  ржЦрзБржм ржнрж╛рж▓рзЛ рж▓рж╛ржЧрж▓рзЛ,1
ржЖрж╣рзН! ржЕрж╕рж╛ржзрж╛рж░ржг ржЕржирзБржнрзВрждрж┐  ржмрж╛рж╣ржмрж╛ ржкрж╛ржУрзЯрж╛рж░ ржпрзЛржЧрзНржп  ржирж┐рж╢рзЛ ржнрж╛ржЗ  ржорзЗрж╣ржЬрж╛ржмрж┐ржи ржЖржкрзБ  ржЖрж░ ржУржЗ ржнрж╛ржЗрзЯрж╛ржЯрж╛ (рж╣рж╛ржмрж┐ржм) ржЕрж╕рж╛ржорж╛ржирзНржп ржЕржнрж┐ржирзЯ ржХрж░рзЗржЫрзЗржи ржЖржкржирж╛рж░рж╛  ржпрж╛ ржЫрж┐рж▓рзЛ ржЕржкрж▓ржХ ржжрзГрж╖рзНржЯрж┐рждрзЗ ржжрзЗржЦрж╛рж░ ржорждрзЛ  ржПржХ ржХржерж╛рзЯ  рждрзБрж▓ржирж╛рж╣рзАржи  ржнрж╛рж▓ржмрж╛рж╕рж╛ рж░ржЗрж▓рзЛ!,1
ржмрж╛рж▓рзЗрж░ ржирж╛ржЯржХ,0
ржЪржорзОржХрж╛рж░ ржирж╛ржЯржХ,1
рж╕рзЗрж░рж╛ ржХрж┐ржЫрзБ ржжрзЗржЦрж▓рж╛ржо..,1
ржмрж╕ рж╕ржм рж╕ржорзЯ рж╕рзЗрж░рж╛,1
speachless     just wow     ржПржд рж╕рзБржирзНржжрж░ ржЧрж▓рзНржк     ржХрзЗржжрзЗ ржжрж┐рзЯрзЗржЫрж┐ ,1
To be honest :ржПрж░ ржЖржЧ ржкрж░рзНржпржирзНржд ржЖржорж┐ ржнрж╛ржмржЫрж┐рж▓рж╛ржо ржпрзЗ рж╕рж╛ржмрзНржмрж┐рж░рзЗрж░ ржЬржЯрж┐рж▓ ржУ ржХржарж┐ржи рж░рзЛржЧ рж░рзЯрзЗржЫрзЗ...If you know what I mean.......,0
ржлрж╛ржЙрж▓ ржирж╛ржЯржХ !,0
ржИржж ржорзЛржмрж╛рж░ржХ,0
ржЦрзБржм ржнрж╛рж▓рзЛ рж▓рж╛ржЧрж▓рзЛ ржирж╛ржЯржХржЯрж┐,1
ржлрж╛ржЗржЬрж▓рж╛ржорж┐рж░ ржПржХржЯрж╛ рж▓рж┐ржорж┐ржЯ ржерж╛ржХрзЗ     ржХрзАржнрж╛ржмрзЗ ржмрж╛ржВрж▓рж╛ржжрзЗрж╢ ржПрж░ ржорждржи ржПржХ ржжрзЗрж╢рзЗ ржПржнрж╛ржмрзЗ ржкржмрж┐рждрзНрж░ ржПржХржЯрж╛ ржирж╛ржорзЗрж░ рж╕рж╛ржерзЗ ржХрзБржХрзБрж░рзЗрж░ ржирж╛ржо ржжрзЗржУрзЯрж╛ рж╣рзЯ   ржШрзГржгрж╛ рж╣рзЯ ржПрж╕ржм ржерж╛рж░рзНржб ржХрзНрж▓рж╛рж╕ ржкрж░рж┐ржЪрж╛рж▓ржХ ржПржмржВ ржЕржнрж┐ржирзЗрждрж╛ржжрзЗрж░ ржЙржкрж░    ржлрж╛рж╣рж┐ржо  - ржПржЗ ржирж╛ржорзЗрж░ ржЕрж░рзНрже рж╣ржЪрзНржЫрзЗ  ржмрзБржжрзНржзрж┐ржорж╛ржи ржпрзЗ ржмрж╛ ржпрж╛рж░рж╛ ржПржЗ ржирж╛ржоржЯрж┐ ржХрзБржХрзБрж░рзЗрж░ рж╕рж╛ржерзЗ ржмрзНржпрж╛ржнрж╛рж░ ржХрж░рзЗ ржПржЗ ржирж╛ржЯржХ ржЯрж┐ ржмрж╛ржирж┐рзЯрзЗржЫрзЗ рждрж╛рж░рж╛ ржирзЗрж╣рж╛ржд ржХрзБржХрзБрж░рзЗрж░ ржЪрзЗрзЯрзЗ ржХржо ржирж╛    ржЕрж╕рзНржмрж╛рж╕рзНржерзНржпржХрж░ ржоржи ржорж╛ржирж╕рж┐ржХрждрж╛ ржпрж╛ржжрзЗрж░ рждрж╛рж░рж╛ржЗ ржПржоржи ржХрж╛ржЬ ржХрж░рждрзЗ ржкрж╛рж░рзЗ   ржирж╛ржо ржмрж┐ржХрзГрждрж┐ржХрж╛рж░рзАрж░рж╛ ржХржЦржирзЛржЗ ржЬрж╛ржирзНржирж╛рждрзЗ ржкрзНрж░ржмрзЗрж╢ ржХрж░ржмрзЗ ржирж╛    рждрж╛ржжрзЗрж░ ржЖржорж┐ ржЖрж╣ржмрж╛ржи ржХрж░ржм ржПрж░ржХржо ржоржи ржорж╛ржирж╕рж┐ржХрждрж╛ ржирж┐рзЯрзЗ ржЗржирзНржбрзНрж░рж╛рж╕рзНржЯрж┐рждрзЗ ржЯрж┐ржХрждрзЗ ржкрж╛рж░ржмрзЗржи ржирж╛    рждрж╛ржЗ   ржорж╛ржерж╛рзЯ ржнрж╛рж▓рзЛ ржХрж┐ржЫрзБ ржерж╛ржХрж▓рзЗ ржЕржмрж╢рзЯрзНржпржЗ рж╕рзЗржЯрж╛рж░ ржкрзНрж░рждрж┐ржЗ ржиржЬрж░ ржжрж┐ржмрзЗржи,0
ржЕрж╕рж╛ржзрж╛рж░ржг ,1
ржорж╛ржжрж╛ржЪрзЛржж ржорж╛рж░рзНржХрж╛ ржирж╛ржЯржХ ржорж╛ржжрж╛ржЯрзЛрж╕рзНржЯ ржорж╛рж░рзНржХрж╛ ржкрж░рж┐ржЪрж╛рж▓ржХ рж░рж╛ржо ржЫрж╛ржЧрж▓ ржорж╛рж░рзНржХрж╛ рж╕ржм ржЕржнрж┐ржирзЗрждрж╛,0
ржЕржирзЗржХ рж╕рзБржирзНржжрж░,1
ржжрзЗрж╣рзЗрж░ ржнрж╛рж▓ржмрж╛рж╕рж╛ ржПржХржжрж┐ржи ржлрзБрж░рж┐рзЯрзЗ ржпрж╛ржмрзЗ ржХрж┐ржирзНрждрзБ ржоржирзЗрж░ ржнрж╛рж▓ржмрж╛рж╕рж╛ ржЖржЬрзАржмржи рж░рзЯрзЗ ржпрж╛ржмрзЗ ,1
рж╢рж╛ржорзАржо ржнрж╛ржЗ рждрзБржорж┐ ржмрзЗрж╕рзНржЯ,1
ржПржЗ рж░ржХржо ржирж┐ржЦрзБржБржд ржЕржнрж┐ржирзЯ ржирж┐рж╢рзЛ ржнрж╛ржЗ ржЫрж╛рж░рж╛ ржХрзЗржУ ржжрзЗржЦрж╛рждрзЗ ржкрж╛рж░ржмрзЗ ржирж╛  рззрзжрзж%ржнрж╛рж▓рзЛржмрж╛рж╕рж╛ ржЕржмрж┐рж░рж╛ржо,1
ржирж┐рж╢рзЛ ржнрж╛ржЗрзЯрзЗрж░ ржлрж╛рж╕рзНржЯ ржЯрзБ рж▓рж╛рж╕рзНржЯ рж▓рзБржХржЫрж┐рж▓рзЛ,1
ржнрж╛ржЗ рж╢рж┐ржЦрж┐рзЯрзЗ ржжрж┐рж▓рзЗ ржпрзЗ ржкржмрж┐рждрзНрж░ ржнрж╛рж▓рзЛржмрж╛рж╕рж╛рж░ ржЬрзЛрж░ ржХржд  ржнрж╛ржЗ рждрзБржорж┐ржЗ рж╕рзЗрж░рж╛  ,1
ржирж┐рж╢рзЛ ржнрж╛ржЗ рждрзБржорж┐ ржмрж╛ржВрж▓рж╛ ржЫржмрж┐рж░ ржирж╛ржпрж╝ржХржжрзЗрж░ ржерзЗржХрзЗ ржЕржирзЗржХ ржнрж╛рж▓рзЛ ржЕржнрж┐ржиржпрж╝ ржХрж░рзЛ  ржЖрж░ рждрж┐рж╢рж╛рж░ рж╕рж╛ржерзЗ ржЬрзБржЯрж┐ рж╕ржм ржирж╛ржЯржХ ржПржХ ржХржерж╛ржпрж╝ ржЕрж╕рж╛ржзрж╛рж░ржг ржУржпрж╝рж╛ржУ,1
ржЖрж╕рж▓рзЗ ржПржЗ ржирж╛ржЯржХрзЗ ржирж╛ржорж╛ржЬрзЗрж░ ржХржерж╛ ржЧрзБрж▓рзЗрж╛ рждрзБрж▓рзЗ ржжрж░рж╛рж░ ржЬржирзНржп ржЖржкржирж╛ржжрзЗрж░ ржХрзЗ ржЕржирзЗржХ ржзржирзНржпржмрж╛ржж ржЖржорж┐ ржЪрж╛ржЗ рж╕ржм ржЧрзБрж▓рзЛ ржирж╛ржЯржХрзЗ ржирж╛ржорж╛ржЬрзЗрж░ ржмрж┐рж╖рзЯ ржЧрзБрж▓рж┐ рждрзБрж▓рзЗ ржжрж░ржмрзЗржи ржирж╛ржЯржХржЯрж╛ ржЕржирзЗржХ ржнрж╛рж▓рзЛ рж▓рж╛ржЧржЫрзЗ,1
ржПржЗржЯрж╛ржУ ржирж╛ржЯржХ!!ржХрж╛рж╣рж┐ржирж┐рж░ ржПрждрзЛ ржЕржнрж╛ржм ,0
ржЕрж╕рж╛ржзрж╛рж░ржг  ржЖржмрж╛рж░рзЛ ржорзБржЧрзНржз рж╣рж▓рж╛ржо 'ржЕржкрзВрж░рзНржм ' ржЕржнрж┐ржирзЯрзЗ  ржорж┐ржЬрж╛ржирзБрж░ ржнрж╛ржЗ ржЖржкржирж╛рж░ ржХрж╛ржЬрзЗрж░ рждрзБрж▓ржирж╛ рж╣ржпрж╝ ржирж╛  ржЖржкржирж┐ ржарж┐ржХ ржЬрж╛ржирзЗржи ржорж╛ржирзБрж╖рзЗрж░ ржоржи ржХрж┐ржнрж╛ржмрзЗ ржЫрзБржБрждрзЗ рж╣ржпрж╝  ржЖржорж╛ржжрзЗрж░ ржХрж▓ржХрж╛рждрж╛ржпрж╝ ржЖржкржирж╛рж░ ржоржд ржХрж╛ржЙржХрзЗ ржнрзАрж╖ржг ржжрж░ржХрж╛рж░  ржмрж╛ржВрж▓рж╛ржжрзЗрж╢рзЗрж░ ржирж╛ржЯржХрзЗрж░ ржмрж╣рзБ ржжрж┐ржирзЗрж░ ржнржХрзНржд ржЖржорж┐  ржЖржмрж╛рж░рзЛ ржкрзНрж░рзЗржорзЗ ржкрж░рж▓рж╛ржо ржирждрзБржи ржХрж░рзЗ  ржзржирзНржпржмрж╛ржж ржПрж░ржХржо ржирж╛ржЯржХ ржЙржкрж╣рж╛рж░ ржжрзЗржмрж╛рж░ ржЬржирзНржп  ржЖрж░ржУ ржЪрж╛ржЗ ржПрж░ржХржо  рж╢рзБржнржХрж╛ржоржирж╛ рж░ржЗрж▓рзЛ ,1
ржЦрзБржм ржнрж╛рж▓рзЛ рж▓рж╛ржЧрж▓рзЛ ржирж╛ржорж╛ржпрзЗрж░ ржжрж╛ржУржпрж╝рж╛ржд ржжрзЗржпрж╝рж╛рждрзЗ ,1
рж▓рж╛ржЗржлрзЗ ржжрзЗржЦрж╛ ржмрж╛ржЬрзЗ ржирж╛ржЯржХ ржЧрзБрж▓рзЛрж░ ржоржзрзНржпрзЗ ржПржЗржбрж╛ ржкрзНрж░ржержо рж╕рзНржерж╛ржи ржЕржзрж┐ржХрж╛рж░ ржХрж░ржЫрзЗ??ржПржЗржЯрж╛ ржирж╛ржЯржХ ржирж╛ржХрж┐ ржлрж╛ржЗржЬрж▓рж╛ржорж┐ ржХрж┐ржЫрзБржЗ ржмрзБржЭрж▓рж╛ржо ржирж╛??,0
ржПржЗ ржирж╛ржЯржХ ржЯрж╛ ржпржжрж┐ рзирзжрзирзж рж╣рзЯрждрзЛ рждрж╛рж╣рж▓рзЗ рж╣рзЯрждрзЛржмрж╛ ржЖржмрж╛рж░рзЛ ржПржЗ ржирж╛ржЯржХ ржЯрж╛  ржЬржирзНржп ржирж┐рж╢рзЛ ржнрж╛ржЗ ржПржЗ ржмржЫрж░рзЗрж░ рж╢рзЗрж░рж╛ рж╣рждрзЛ      ,1
ржнрзВрзЯрж╛ ржирж╛ржЯржХ ,0
ржПржЗ ржирж╛ржЯржХ ржЯрж╛ ржПржЦржи ржкрж░рзНржпржирзНржд ржЪрж╛рж░ ржмрж╛рж░ ржжрзЗржЦрж▓рж╛ржо     ,1
ржнрж╛ржЗрж░рзЗ  ржЯрж╛ржХрж╛ ржжрж┐рзЯрж╛ ржбрзЗржЯрж╛ ржХрж┐ржирж┐  ржПрзНржпрж╛ржб ржжрзЗржЦрж╛рж░ ржЬржирзНржп ржирж╛  ржПрзНржпрж╛ржб ржЯрж┐ржнрж┐рждрзЗ ржжрзЗржЦрж╛рзЯрзЗржи  ржирж╛рж╣рзЯ ржПрзНржпрж╛ржбрзЗрж░ ржЬржирзНржп ржЖрж▓рж╛ржжрж╛ ржЪрзНржпрж╛ржирзЗрж▓ ржЦрзБрж▓рзЗржи ,0
ржЖржорж╛рж░  рж╕рзЗрж░рж╛  ржПржХ ржЯрж╛рж░  ржПрж░ ржирж╛ржЯржХ ржХрзЛржи ржжрж┐ржиржУ ржорж┐рж╕ ржХрж░рж┐ ржирж╛ржЗ  рж╕ржм ржирж╛ржЯржХ ржжрзЗржЦрж╛ рж╣рзЯрзЗ ржЧрзЗржЫрзЗ ,1
ржПржХржЬржи ржЕрж╕рж╛ржзрж╛рж░ржи ржЕржнрж┐ржирзЗрждрж╛...  ржнрж╛ржЗ ржирж┐рж╢рзЛ,1
рж╕рждрзНржпрж┐ржЗ ржЕрж╕рж╛ржзрж╛рж░ржг,1
ржмрж╛ржмрж╛ржЧрзЛ ржмрж╛ржмрж╛ ржнрж╛ржмрж╛ ржпрж╛рзЯ ржПржЗржЧрзБрж▓рж╛  ,0
ржЕрж╕рж╛ржзрж╛рж░ржг ржЫрж┐рж▓рзЛ,1
ржЕржирзЗржХ рж╕рзБржирзНржжрж░ рж╣рзЯрзЗржЫрзЗ ржирж╛ржЯржХ ржЯрж╛,1
ржЕржирзЗржХ ржнрж▓рзЛ,1
рж╕рждрзНржпрж┐ ржЕрж╕рж╛ржзрж╛рж░ржг ржПржХржЯрж╛ ржирж╛ржЯржХ,1
ржнрж╛рж▓рзЛ рж▓рж╛ржЧрж▓рзЛ ржирж╛,0
ржЕржирзЗржХ ржжрж┐ржи ржкрж░ ржЕрж╕рж╛ржзрж╛рж░ржг ржПржХржЯрж╛ ржирж╛ржЯржХ ржжрзЗржЦрж▓рж╛ржо    ржорж┐ржЬрж╛ржирзБрж░ рж░рж╣ржорж╛ржи ржЖрж░рж┐рзЯрж╛ржи ржорж╛ржирзЗржЗ ржирждрзБржи ржХрж┐ржЫрзБ     ржзржирзНржпржмрж╛ржж ржЖрж░рж┐рзЯрж╛ржи ржХрзЗ ржЕрж╕рж╛ржзрж╛рж░ржи ржПржХржЯрж┐ ржирж╛ржЯржХ ржЙржкрж╣рж╛рж░ ржжрзЗрзЯрж╛рж░ ржЬржирзНржп    ржпржжрж┐ржУ ржХржмрж┐рж░ рж╕рж┐ржВ ржорзБржнрж┐рж░ ржлрж┐рж▓рж┐ржВрж╕ ржкрзЗрзЯрзЗржЫрж┐ ржирж╛ржЯржХржЯрж┐рждрзЗ   ,1
ржжрзБржирж┐рзЯрж╛рж░ рж╕ржмржЪрзЗрзЯрзЗ ржлрж╛ржЙрж▓ ржирж╛ржЯржХ ржЖржЗржЬ ржжрзЗржЦрж▓рж╛ржо ,0
ржжрж╛рж░рзБржг ржПржХржЯрж╛ ржирж╛ржЯржХ,1
ржирж╛ржЯржХржЯрж╛ ржПржЗ ржирж┐рзЯрзЗ ржкрж╛ржБржЪржмрж╛рж░ ржжрзЗржЦрж▓рж╛ржо  ржЕржкрзБрж░рзНржм ржнрж╛ржЗ you Are Awesome  ржЕржнрж┐ржирзЗрждрж╛ And Cuter DIBBA BANGLER HEROINE MAHZABEEN CHOWDHURI,1
ржирж╛ржорж╛ржЬрзЗрж░ ржЕржВрж╢ржЯрж╛ ржжрж╛рж░рзБржи ржЫрж┐рж▓рзЛ,1
ржПржХржЯрж╛ рж╕ржорзЯ ржЫрж┐рж▓ рждрзЛрж░ ржЬржирзНржп ржЕржирзЗржХ ржХрж╛ржБржжрждрж╛ржо    рждрзЛрж░рж╕рж╛ржерзЗ ржХржерж╛ ржмрж▓рж╛ ржЕржмрж╕рзНржерж╛рзЯ ржорзЛржмрж╛ржЗ,1
ржЗрж░ржлрж╛ржи ржнрж╛ржЗ ржУ рж╢рж╛ржорзАржо ржнрж╛ржЗ ржПрж░ ржЕрж╕рж╛ржзрж╛рж░ржи ржПржХржЯрж┐ржВ,1
ржЖржорж╛рж░ ржмрж╕  ,1
ржЕржирзЗржХ ржЕржирзЗржХ ржзржирзНржпржмрж╛ржж ржЕржирзЗржХ ржЕржирзЗржХ рж╕рзБржирзНржжрж░ ржПржХржЯрж╛ ржирж╛ржЯржХ,1
ржЖрж░ржлрж╛ржи ржирж┐рж╢рзЛ ржнрж╛ржЗ   рж╕рзЗржЗ рж░ржЦржо ржирж╛ржЯржХржЯрж╛  ржПржмржВ рждрж╛ржиржЬрж┐рж▓рж╛ ржЖржкрзБржХрзЗ ржЕржирзЗржХ ржЕржирзЗржХ ржзржирзНржпржмрж╛ржж   ржХрзЗржоржи рж╣ржЗржЫрзЗ ржирж╛ржЯржХржЯрж╛ ржмржирзНржзрзБрж░рж╛??,1
ржПржд рж╕рзБржирзНржжрж░ ржирж╛ржЯржХ рждрзБрж▓ржирж╛ рж╣рзЯржирж╛   ржЕржирзЗржХ рж╕рзБржирзНржжрж░ ржЫрж┐рж▓рзЛ ржЧрж▓рзНржкржЯрж╛  ржП ржирж╛ржЯржХрзЗрж░ ржЖрж░ ржХрзЛржи sequel ржЖрж╕ржмрзЗржирж╛...,1
ржжрж░рзНрж╢ржХржжрзЗрж░ ржЙржЪрж┐рзО ржПржЗ ржзрж░ржирзЗрж░ ржирж╛ржЯржХ ржкрж░рж┐рж╣рж╛рж░ ржХрж░рж╛...,0
ржзржирзНржпржмрж╛ржж рж╢рж╛рж╣рж╛ржирж╛ржЬ ржЦрзБрж╢рж┐ ржХрзЗ ржЙржирж╛рж░ ржЕрж╕рж╛ржзрж╛рж░ржг ржЕржнрж┐ржирзЯ ржжрж┐рзЯрзЗ рж╕ржХрж▓рзЗрж░ ржЪрзЛржЦрзЗрж░ ржкрж╛ржирж┐ ржмрзЗрж░ ржХрж░рзЗ ржжрзЗржУрзЯрж╛рж░ ржЬржирзНржп ржзржирзНржпржмрж╛ржж ржжрж┐ржкрзБ рж╣рж╛ржЬрж░рж╛ ржХрзЗ ржПржЗ ржзрж░ржирзЗрж░ рж╕рж╛ржорж╛ржЬрж┐ржХ ржирж╛ржЯржХ ржЙржкрж╣рж╛рж░ ржжрзЗржУрзЯрж╛рж░ ржЬржирзНржп ,1
ржкрзБрж░рж╛ржЗ ржлрж╛рж▓рждрзБ ржирж╛ржЯржХ рж╢рзБржзрзБ рж╕ржорзЯ ржЕржкржЪрзЯ,0
ржЦрзБржм рж╕рзБржирзНржжрж░!,1
ржЕржкрзБрж░рзНржм ржнрж╛ржЗрзЯрзЗрж░ ржирж╛ржЯржХ ржорж╛ржирзЗ ржПржХ ржЕржлрзБрж░ржирзНржд ржнрж╛рж▓ржнрж╛рж╕рж╛,1
ржРржЯрж╛ ржЫрж┐рж▓рзЛ рж╣рж┐ржирзНржжрж┐  Kabir Sing  movie ржЖрж░ ржПржЯрж╛  kabir sing  ржмрж╛ржВрж▓рж╛ ржирж╛ржЯржХ  ржЕржирзЗржХ рж╕рзБржирзНржжрж░ ржПржХржЯрж┐ ржХржЬрж╛  ржЦрзБржм ржнрж╛рж▓рзЛ рж▓рзЗржЧрзЗржЫрзЗ,1
ржнрж╛рж▓ржмрж╛рж╕рж╛ рж╣рж▓рзЛ рж╢рзБржзрзБ ржорж╛рзЯрзЗрж░ ржЬржирзНржпржпрж┐ржирж┐ ржЖржорж╛ржХрзЗ ржЧрж░рзНржнрзЗ ржзрж╛рж░ржг ржХрж░рзЗржЫржи,1
ржПрж░ржХржо ржлрж╛рж▓рждрзБ ржирж╛ржЯржХ ржЬрзАржмржирзЗржУ ржжрзЗржЦрж┐ржирж┐ ржПржХржЯрж╛ ржирж╛ржЯржХрзЗрж░ ржоржзрзНржп ржПржХржЯрж╛ Morality ржерж╛ржХрзЗ  ржЖрж░ ржПржЯрж╛ ржХрзЛржи ржирж╛ржЯржХрзЗрж░ ржкрж░рзНржпрж╛рзЯрзЗржЗ ржкрзЬрзЗржирж╛ ,0
ржХржкрж╛рж▓рзЗ ржнрж╛рж▓рзЛржмрж╛рж╕рж╛ ржирж╛ржЗ  ржЬрж┐ржмржиржЯрж╛ ржкрзБрж░рж╛ржЗ  ржПржХрж▓рж╛ ,0
ржкрж░рж┐ржЪрж╛рж▓ржХрзЗрж░ ржорж╛ржерж╛ ржирж╖рзНржЯ рж╣рж╛рж▓рж╛рж░ ржкрзБрждрзЗ ржЫрзЗрж▓рзЗржжрзЗрж░ ржЪрж░рж┐рждрзНрж░ ржЯрж╛ рж╣рж┐ржЬрж▓рж╛ ржорждрзЛ ржжрж┐ржЫрзЗ,0
ржЕрж╕рж╛ржзрж╛рж░ржг рж╣рзЯрзЗржЫрзЗ ржирж╛ржЯржХ,1
ржнрж╛ржЗ ржЖржкржирж╛рж░ ржХржерж╛ ржХрж┐ ржЖрж░ ржмрж▓ржмрзЛ   рж╕ржм рж╕ржорзЯ ржнрж╛рж▓ ржмрзЗрж╢рж┐ ржХрж┐ржЫрзБ ржмрж▓ржм ржирж╛ ржХрж╛ржЬ ржЧрзБрж▓рж╛ ржЕржирзЗржХ ржнрж╛рж▓ рж▓рж╛ржЧрзЗ ,1
ржПржХржЯрж╛ рж╕рж╛ржорж╛ржЬрж┐ржХ ржирж╛ржЯржХ   ржпрж╛ ржжрзЗржЦрзЗ ржЕржирзЗржХ ржХрж┐ржЫрзБ рж╢рзЗржЦрж╛рж░ ржЖржЫрзЗ      ржЖржлрж░рж╛ржи is the best,1
ржЕрж╕рж╛ржзрж╛рж░ржи ржХрж╛рж╣рж┐ржирзА  ржмрж╛рж╕рзНрждржмрждрж╛рж░ рж╕рж╛ржерзЗ ржорж┐рж▓рзЗ ржпрж╛рзЯ,1
ржХрж╛рж╣рж┐ржирзА ржнрж╛рж▓рзЛ рж╣рзЯ ржирж╛ржЗ  рж╣рзБржжрж╛ржЗ ржкрж╛ржЧрж▓рж╛ржорж┐,0
ржХрж┐ ржмрж▓ржм    ржмрж▓рж╛рж░ ржнрж╛рж╖рж╛ ржирж╛ржЗ    ржЕрж╕рж╛ржзрж╛рж░ржи,1
ржПржоржи ржПржХржЯрж╛ ржкрж┐ржЪрзНржЪрж┐рж░ ржкрзНрж░рзЗржорзЗ ржЖржорж┐ ржкрзЬржЫрж┐рж▓рж╛ржо,1
рж░ржВ ржорзЗржЦрзЗ рж╕ржВ рж╕рзЗржЬрзЗ ржЖржорж╛ржжрзЗрж░ ржжрзЗрж╢рзЗ ржХржд ржмрж╛ржмрж╛ ржпрзЗ ржЖржЫрзЗ рж╣рж┐рж╕рж╛ржм ржирзЗржЗ.. ржмрж┐ржбрж╝рж┐ ржмрж╛ржмрж╛ ржЯрж╛ржЗржЧрж╛рж░ ржмрж╛ржмрж╛ рж╢рж┐ржХрж▓ ржмрж╛ржмрж╛ рждрж╛рж▓рж╛ ржмрж╛ржмрж╛ ржкрж╛ржЦрж╛ ржмрж╛ржмрж╛ рждрзЗрж▓ ржмрж╛ржмрж╛ рж▓рзНржпрж╛ржВржЯрж╛ ржмрж╛ржмрж╛ ржЖрж░ржУ ржХрждржХрж┐ ржЖрж╕рж▓рзЗ ржЖржорж╛ржжрзЗрж░ ржжрзЗрж╢рзЗрж░ ржорж╛ржирзБрж╖ ржЦрзБржм рж╕рж░рж▓ ржУ ржзрж░рзНржоржкрзНрж░рж╛ржг  ржЖрж░ ржПржЗ рж╕рж░рж▓рждрж╛ ржХрзЗ ржкрзБржБржЬрж┐ ржХрж░рзЗ ржХрж┐ржЫрзБ ржЕрж╕рзОрж▓рзЛржХ ржмрж╛ржмрж╛ рж╕рзЗржЬрзЗ рж╣рж╛рждрж┐ржпрж╝рзЗ ржирж┐ржЪрзНржЫрзЗ ржорзЗрж╣ржирждрж┐ ржорж╛ржирзБрж╖рзЗрж░ ржЯрж╛ржХрж╛ ржкржпрж╝рж╕рж╛ рж╕ржмржЗ рждрж╛ржЗ ржПрж╕ржм ржорзБржЦрзЛрж╢ ржорж╛ржирзБрж╖рзЗрж░ ржЧрзЛржкржи ржХржерж╛ржЧрзБрж▓рзЛржЗ ржХрж▓рж╛ ржмрж╛ржмрж╛ ржирж╛ржЯржХрзЗ рждрзБрж▓рзЗ ржзрж░рж╛ рж╣ржпрж╝рзЗржЫрзЗ ржзржирзНржпржмрж╛ржж ржкрж░рж┐ржЪрж╛рж▓ржХ ржУ ржЪрзНржпрж╛ржирзЗрж▓ржХрзЗ ,1
ржнрзАрж╖ржг рж╕рзБржирзНржжрж░ ржПржХржЯрж╛ ржирж╛ржЯржХ....ржирж┐рж╢рзЛ,1
ржорзЛржЯрж╛ ржХрж╛рж▓рж╛ ржмрзЗрзЬрж┐ ржЕрж░ржЬрж┐ржирж╛рж▓ ржорж╛рждрж╛рж░рж┐ ржЕржнрж┐ржирзЯ ржлрж╛ржЯрж╛ржлрж╛ржЯрж┐ ржХрзБржЯрж┐рж▓ ржЪрж░рж┐рждрзНрж░рзЗ ржПржХрж╢рзЛрждрзЗ ржПржХрж╢рзЛ ,0
ржЖржорж╛рж░ ржжрзЗржЦрж╛ ржЬрзАржмржирзЗрж░ рж╕рзЗрж░рж╛ ржирж╛ржЯржХ ржЬрзАржмржирзЗрж░ ржирж╛ржЯржХ love you boss,1
ржПржХржжржо рж╕ржорж╕рж╛ржорзЯрж┐ржХ ржЧрж▓рзНржк  ржжрж╛рж░рзБржи рж▓рж╛ржЧржЫрзЗ ,1
I was about to write  ржорж╛ржмрж░рзБрж░ рж░рж╢рж┐ржж ржмрж╛ржирзНржирж╛рж╣ ржнрж╛ржЗ ржПрж░ ржжрзЗржЦрж╛ рж╕рзЗрж░рж╛ ржирж╛ржЯржХ!  рждржЦржи ржЗ рж╣ржарж╛рзО ржЪрзЛржЦрзЗ ржкрзЬрж▓  ржЬржирзНржорзЗрж░ ржжрж╢ ржмржЫрж░ ржкрж░ ржЦрзЛржХрж╛ рж╕рзНржХрзБрж▓рзЗ ржпрж╛рзЯ! overall ржнрж╛рж▓рзЛ рж▓рж╛ржЧрж╛рж░ ржорждржЗ ржПржХржЯрж╛ ржирж╛ржЯржХ ,1
ржнрж╛рж▓рзЛ рж▓рж╛ржЧрж▓рзЛ ржирж╛,0
ржЖржорж╛рж░ ржжрзЗржЦрж╛ ржЕржкрзВрж░рзНржмрж░ рж╕рзЗрж░рж╛ ржирж╛ржЯржХ ржПржЯрж╛,1
ржЕржкрзВрж░рзНржм ржирж╛ржЯржХ! ржЖржорж░рж╛ ржЕржирзЗржХрж╕ржоржпрж╝ржЗ ржмрж┐ржирж╛ ржкрзНрж░ржпрж╝рзЛржЬржирзЗ rudeness ржЯрж╛ржХрзЗ рж╣рж╛рждрж┐ржпрж╝рж╛рж░ ржХрж░рзЗ ржирж┐ржЗ  ржПржд рж╕рзБржирзНржжрж░ржнрж╛ржмрзЗ ржПржд ржнржжрзНрж░ржнрж╛ржмрзЗржУ ржпрзЗ ржХржарж┐ржи ржкрж░рж┐рж╕рзНржерж┐рждрж┐ ржирж┐ржпрж╝ржирзНрждрзНрж░ржг ржХрж░рж╛ ржпрзЗрждрзЗ ржкрж╛рж░рзЗ ржПржЗ ржкрзНрж░ржержо feel ржХрж░рж▓рж╛ржо ,1
ржПржд ржЧрж╛рж▓рж╛ржЧрж╛рж▓рж┐ ржХрзЗржи ржнрж╛ржЗ? @ржирж┐рж╢рзЛ ржЕржнрж┐ржирзЯрзЗ ржПржХржЯрзБ ржмрзИржЪрж┐рждрзНрж░ ржЖржирзБржи!!,0
ржмрж╛ржЪрзНржЪрж╛ ржХрж┐ рж╕рж╛ржерзЗ рж╕рж╛ржерзЗ ржжрзЗрзЯрж╛ ржпрж╛ржЗ,1
ржЖржорж┐ ржЬрж╛ржирждрж╛ржо ржирж╛ ржпрзЗ  ржмрж╛ржВрж▓рж╛ржжрзЗрж╢рзЗрж░ ржХрзЛржи ржорзЗрзЯрзЗ ржЕржнрж┐ржирзЗрждрзНрж░рзА ржПржд рж╕рзБржирзНржжрж░ ржХрж╛ржЬ ржХрж░рждрзЗ ржкрж╛рж░рзЗ    рж▓рж╛ржн ржЗржЙ ржорзЗрж╣ржЬрж╛ржмрзАржи,1
рж╕рж╛ржмрж┐рж▓рж╛рж░ ржХржерж╛ ржмрж▓рж╛рж░ рж╖рзНржЯрж╛ржЗрж▓ ржнрж╛рж▓рзЛ рж▓рж╛ржЧрзЗ ржирж╛ ржЪрж┐ржЯрж╛ржЧрж╛ржВржЗрзЯрж╛ ржЯрж┐ржЙржи ржЫрзЗрзЬрзЗ рж╢рзБржжрзНржз ржнрж╛рж╖рж╛ ржмрж▓рждрзЗ ржкрж╛рж░рзЗржирж╛ рж╕рзЗ ржорзЗрзЯрзЗ ржирж╛ржЯржХ ржХрж░рзЗ ржХрж┐ржнрж╛ржмрзЗ?,0
ржЕрж╕рж╛ржзрж╛рж░ржг ...,1
ржЕржирзЗржХ рж╕рзБржирзНржжрж░ рж╣рзЯрзЗржЫрзЗ ржирж╛ржЯржХ ржЯрж╛,1
ржмрж╛ржВрж▓рж╛рж░ ржЖрж╢рж┐ржХрзА  рж▓рж╛ржн ржЗржЙ ржмрж╕ ржУ ржХрзНрж░рж╛рж╕ ржзржирзНржпржмрж╛ржж ржЖрж░рж┐рзЯрж╛ржи ржнрж╛ржЗржХрзЗ ржПрждрзЛ рж╕рзБржирзНржжрж░ ржПржХржЯрж╛ ржирж╛ржЯржХ ржЙржкрж╣рж╛рж░ ржжрзЗрзЯрж╛рж░ ржЬржирзНржп рзирзжрззрзп ржПрж░ ржмрзЗрж╖рзНржЯ,1
ржоржЬрж╛ржЗ ржоржЬрж╛,1
ржЕрж╕рж╛ржзрж╛рж░ржг рж╣ржЗржЫрзЗ,1
ржЕржирзЗржХ ржнрж╛рж▓рзЛ рж▓рж╛ржЧржЫрзЗржирж╛ржЯржХржЯрж┐ ржирж╛ржорж╛ржЬ ржПрж░ ржЬржирзНржи,1
ржЧрзНрж░рзЗржЯ ржирж╛ржЯржХ,1
ржмрзГржирзНржжрж╛ржмржи ржжрж╛рж╕ ржЖржорж╛рж░ ржЧрзБрж░рзБ  ржпрж╛рж░рзЗ рж╕ржм рж╕ржорзЯ ржнрж╛рж▓рзЛржмрж╛рж╕рж┐,1
ржЖржорж╛рж░ ржжрзЗржЦрж╛ рж╕ржмржЪрзЗрзЯрзЗ ржмрж╛ржЬрзЗ ржирж╛ржЯржХ ржПржЯрж┐ ржПржЗ рж░ржХржо ржмрж╛рж▓рзЗрж░ ржирж╛ржХржЯ ржжрзЗрж╢рзЗрж░ рж╕ржВрж╕рзНржХрзГрждрж┐ржХрзЗ ржзржВрж╕ ржХрж░рждрзЗржЫрзЗ ржЖржорж┐ рждрж┐ржмрзНрж░ ржирж┐ржирзНржзрж╛ ржУ ржЦрзЛржк ржкрзНрж░ржХрж╛рж╢ ржХрж░рж┐рждрзЗржЫрж┐  ,0
ржмрзЗрж╕рзНржЯ рж╕рзБржкрж╛рж░рж╣рж┐ржЯ ржЖ ржЦ ржо ржПрж░ ржЕржнрж┐ржиржпрж╝  ржЖржорж╛рж░ ржХрж╛ржЫрзЗ ржЕржирзЗржХ ржнрж╛рж▓рзЛ рж▓рж╛ржЧрзЗ  ржХрж╛рж░ржг рж╕рзЗ ржлрж╛ржирж┐ ржЕржнрж┐ржиржпрж╝ ржХрж░рзЗ ржмрзЗрж╢рж┐,1
ржЕрж╕рж╛ржзрж╛рж░ржг рж▓рж╛ржЧрж▓рзЛ ржЪрзЛржЦрзЗ ржЬрзНржмрж▓ ржПрж╕рзЗ ржЧрзЗрж▓рзЛ ..ржнрж╛рж▓рзЛржмрж╛рж╕рж╛рж░ ржЬрзЯ рж╣рзЛржХ ..,1
ржмрж╛рж▓ ржПрж░ ржирж╛ржЯржХ  ржЖржорж╛рж░ ржХрзНрж╖ржорждрж╛ ржерж╛ржХрж▓рзЗ ржПржЗ ржзрж░ржирзЗрж░ ржирж╛ржЯрж┐ржХ ржмрж╛ржирж╛ржирзЛ рж╢рж┐ржЦрж╛ржЗрзЯрж╛ ржжрж┐рждрж╛ржо ржкрж╛ржЫрж╛рж░ ржнрж┐рждрж░рзЗ ржврзБржХрж╛ржЗрзЯрж╛  ,0
ржПржЗ ржирж┐рж╢рзЛ ржЖрж░ рждрж┐рж╢рж╛ ржХрж┐ ржирж╛ржЯржХ ржЬржЧрждржЯрж╛ ржкржЪрж╛ржмрзЗ ржирж╛ржХрж┐    ржПржжрзЗрж░ ржнрж╛рж╖рж╛ржЯрж╛ ржХрж┐ change ржХрж░рж╛ ржпрж╛рзЯ ржирж╛  ржЖржорж┐ ржирж╛ржЯржХрзЗрж░ ржоржзрзНржпрзЗ ржЖржЬржХрзЗ ржпрзЗржЯрж╛ ржжрзЗржЦрж▓рж╛ржо рж╕рзЗржЯрж╛ ржирж╛ржЯржХ ржЬржЧрждрзЗ ржХржЦржирзЛржЗ ржжрзЗржЦрж┐ ржирж╛ржЗ    ржПржЗ ржПржХржЯрж╛ржЗ ржмрж┐ржирзЛржжржи ржЫрж┐рж▓ ржпрзЗржЯрж╛ ржЖржорж╛рж░ ржЖржоржорзБ ржЖржорж╛рж░ ржЫрзЛржЯ ржжрзБржЗ ржнрж╛ржЗ ржПржмржВ ржЖржорж╛рж░ ржЫрзЗрж▓рзЗ ржПржХрж╕рж╛ржерзЗ ржжрзЗржЦрждрж╛ржо ржЯрзЗрж▓рж┐ржнрж┐рж╢ржирзЗ but but but  ржЖржорж┐ ржЖржЬржХрзЗрж░ ржкрж░ ржерзЗржХрзЗ ржЖрж░ ржХржЦржирзЛржЗ ржПржжрзЗрж░ ржжрзБржЗржЬржирзЗрж░ ржирж╛ржЯржХ ржжрзЗржЦржмрзЛ ржирж╛ ,0
ржнрж╛ржЗ ржЕрж░рзНржзрзЗржХ ржирж╛ржЯржХ ржжрзЗржЦржЫрж┐ ржмрж╛ржХрж┐ржЯрж╛ ржжрзЗржЦрж╛ ржмрж╛ржХрж┐ ржЖржЫрзЗ ржПрждрзЗ ржнрж╛рж▓рзЛ рж▓рж╛ржЧрждрзЗржЫрзЗ ржПрждрзЛ ржоржЬрж╛ рж▓рж╛ржЧрждрзЗржЫрзЗ рждрж╛ржЗ ржХржорзЗржирзНржЯ ржХрж░рждрзЗ ржЪрж▓рзЗ ржЖрж╕ржЫрж┐ ржЖрж░ржлрж╛ржи ржирж┐рж╢рзЛ ржнрж╛ржЗ ржЖржкржирж╛ржХрзЗ ржЕржирзЗржХ ржнрж╛рж▓рзЛ рж▓рж╛ржЧрзЗ ржпржжрж┐ ржЖржкржирж╛рж░ рж╕рж╛ржерзЗ рззржмрж╛рж░ ржжрзЗржЦрж╛ ржХрж░рждрзЗ ржкрж╛рж░рждрж╛ржо рждрж╛рж╣рж▓рзЗ ржирж┐ржЬрзЗржХрзЗ ржзржирзНржп ржоржирзЗ рж╣рждрзЛ  ржЖржорж┐ рждрзЛ рззржЬржи ржХрзНрж░рзЗржЬрж┐ ржлрзНржпрж╛ржи ржнрж╛рж▓ржмрж╛рж╕рждрзЗ ржнрж╛рж▓ржмрж╛рж╕рждрзЗ  ржнрж┐рждрж░рзЗ ржврзБржХрзЗржЧрзЗржЫрж┐ ,1
ржПржоржи ржмрж╛ржЬрзЗ ржирж╛ржЯржХрзЗ рж╢рж╛ржорзАржо ржнрж╛ржЗ ржЕржнрж┐ржирзЯ ржХрж░рж╛ ржорж╛ржирж╛рзЯ ржирж╛,0
ржмрзЗрж╢ ржнрж╛рж▓рзЛржЗ рж▓рж╛ржЧрж▓рзЛ ржирж╛ржЯржХржЯрж┐..,1
ржЖрж░рж┐рзЯрж╛ржи ржнрж╛ржЗрзЯрзЗрж░ ржирж╛ржЯржХ ржЧрзБрж▓рзЛ ржЕржирзЗржХ ржнрж╛рж▓рзЛ  ржЖрж░ ржирж┐рж╢рзЛ ржнрж╛ржЗ ржорзЗрж╣рзЗржЬрж╛ржмрж┐ржи ржЖржкрзБрж░ ржЕржнрж┐ржирзЯ ржЕрж╕рж╛ржзрж╛рж░ржг,1
ржЕржкрзВрж░рзНржм ржЖрж╕рж▓рзЗржЗ ржЕржкрзВрж░рзНржм,1
ржмрзГржирзНржжрж╛ржмржи ржжрж╛рж╕ ржорж╛ржирзЗржЗ ржЖржмрж╣ржорж╛ржи ржмрж╛ржВрж▓рж╛рж░ рж╕рж╛рж╣рж┐рждрзНржп  рж╕ржВрж╕рзНржХрзГрждрж┐ ржУ рж▓рзЛржХ ржмрзИржЪрж┐рждрзНрж░рзЗрж░ ржПржХ ржмрж┐ржкрзБрж▓ рж╕ржорж╛рж╣рж╛рж░  ржпрж╛рж░ рж╣рж╛ржд ржзрж░рзЗ ржЖржЬржУ ржЖржорж░рж╛ ржЧрзНрж░рж╛ржо ржмрж╛ржВрж▓рж╛рж░ рж╕рж╛ржорж╛ржЬрж┐ржХ ржЕржмрж╕рзНржерж╛ржи рж╕ржорзНржкрж░рзНржХрзЗ ржЬрж╛ржирждрзЗ ржкрж╛рж░рж┐  рждрж╛ржБрж░ ржирж┐ржБржкрзБржи рж╢рзИрж▓рзНржкрж┐ржХрждрж╛ ржоржирзЗ ржХрж░рж┐рзЯрзЗ ржжрзЗрзЯ ржЖржорж╛ржжрзЗрж░ рж╕ржорж╛ржЬ  ржкрж░рж┐ржмрж╛рж░рж┐ржХ ржмржирзНржзржи ржУ рж╕рж╛ржорж╛ржЬрж┐ржХ ржкрж░рж┐ржкрж╛рж░рзНрж╢рж┐ржХ ржЕржмрж╕рзНржерж╛ржи  рждрж┐ржирж┐ ржЖржмрж╛рж░ржУ ржЖржорж╛ржжрзЗрж░ ржмрзБржЭрж┐рзЯрзЗ ржжрж┐рж▓рзЗржи ржПржХржЬржи ржорж╛ржирзБрж╖рзЗрж░ ржмрж┐ржмрзЗржХ ржУ ржорж╛ржиржмрж┐ржХрждрж╛ржХрзЗ ржЬрж╛ржБржЧрж┐рзЯрзЗ рждрзЛрж▓рж╛ ржПржХржЬржи рж╢рж┐рж▓рзНржкрж┐рж░ ржкржХрзНрж╖рзЗржЗ рж╕ржорзНржнржм  ржкрж░рж┐рж╢рзЗрж╖рзЗ ржмрзГржирзНржжрж╛ржмржи ржжрж╛рж╕ рж╕рж╣ рж╕ржХрж▓рзЗрж░ ржжрзАрж░рзНржШрж╛рзЯрзБ ржХрж╛ржоржирж╛ ржХрж░ржЫрж┐ ,1
ржирж╛ржорж╛ржЬрзЗрж░ ржмрзНржпржкрж╛рж░ржЯрж╛ ржмрзЗрж╕рзНржЯ ржЫрж┐рж▓! ржЖрж░ ржУржнрж╛рж░ ржЕрж▓ ржХржирзНрж╕рзЗржкрзНржЯ ржЯрж╛ржУ ржлрзБрж▓рзНрж▓рж┐ ржбрж┐ржлрж╛рж░рзЗржирзНржЯ ржЫрж┐рж▓! ржЧрзНрж░рзЗржЯ ржУрзЯрж╛рж░рзНржХ,1
ржлрж╛рж▓рждрзБ ржирж╛ржЯржХ ржорж┐ржирж┐ржЯ рж╣рзБржжрж╛ржЗ ржирж╖рзНржЯ ржХрж░рж▓рж╛ржо,0
рж╢рзЗрж╖рзЗрж░ ржжрж┐ржХрзЗ ржбрж╛рзЯрж▓ржЧ ржерж╛ржХрж▓рзЗ ржнрж╛рж▓рзЛ рж╣рждрзЛ ,1
ржнрж╛рж▓рзЛ рж▓рж╛ржЧрж▓рзЛ,1
ржнрзБрж▓рзЗ ржнрзБрж▓рзЗ ржЬрзАржмржиржЯрж╛ рж╢рзЗрж╖ ржнрж╛рж▓рзЛржмрзЗрж╕рзЗ ржХрж┐ ржнрзБрж▓ ржЖржорж┐ ржХрж░рзЗржЫрж┐ ржпрждржЯрж╛ ржирж╛ ржХрж╛ржирзНржжрзЗ ржорж╛ржирзБрж╖ рждрж╛рж░ржУ ржмрзЗрж╢рж┐ ржЖржорж┐ ржХрзЗржБржжрзЗржЫрж┐ рждрзЛржорж╛рж░рж┐ рж╣ржпрж╝рзЗржЫрзЗ ржмрж┐ржЬржпрж╝ ржХрж╛рж▓ ржХрзЗржи ржмрж┐ржмрж┐рж░ ржмрж┐ржЬржпрж╝,1
ржмрж╛ржмрж╛ ржЫрзЗрж▓рзЗ ржХрж┐ ржмрж╛рж╕рзНрждржмрзЗ ржХрж┐ рж╕ржорзНржнржм ржирж╛ рж╕ржорзНржнржм ржирж╛  рждрж╛ржЗ ржирж╛ржЯржХ ржнрж╛рж▓ ржирж╛,0
рж╕ржорж╛ржЬ ржзрзНржмржВрж╕ ржХрж░рж╛ ржмржирзНржз ржХрж░рзБржи,0
(  )=ржЕрж╕рж╛ржзрж╛рж░ржг ржирж╛ржЯржХ=(  ),1
ржЪржорзОржХрж╛рж░ ржирж╛ржЯржХ ,1
рж╕рзЗржЗ рж░ржХржо ржХрж╛ржЪрзНржЫрж┐ ржЦрзЛрж░ ржжрзБржЯрж┐ ржлрж╛рж▓рждрзБ ржирж╛ржЯржХ.. ржЯрж╛ржЗржо ржУрзЯрзЗрж╕рзНржЯ рж╣рж▓рзЛ.. ржЖржЧрзЗрж░ рж╕рж┐рж░рж┐ржЬ ржЧрзБрж▓рж╛ ржХржд ржлрж╛ржЯрж╛ржлрж╛ржЯрж┐ ржЫрж┐рж▓,0
ржЕржмрж╢рзНржп ржПржЗржЯрж╛ ржПржХржЯрж╛ ржжрж╛рж░рзБржи ржХржирж╕рзЗржкрзНржЯ ржЫрж┐рж▓рзЛ  рждржмрзЗ ржирж╛ржЯржХ рждрзЛ ржирж╛ржЯржХржЗ  ржмрж┐ржирзЛржжржи ржмрж▓рзЗ ржХржерж╛  ржПрждрзЛ ржорж╛ржирзЗ ржЯрж╛ржирзЗ ржирж╛ ржмрзЗрж░ ржХрж░рж▓рзЗржУ рж╣ржмрзЗ  ржпржжрж┐ рж░рж┐рзЯрзЗрж▓рж┐ржЯрж┐рж░ рж╕рж╛ржерзЗ ржирж╛ржЯржХрзЗрж░ ржХрж╛рж╣рж┐ржирзА ржорзЗрж▓рж╛ржирзЛ рж╣рзЯ рждрж╛рж╣рж▓рзЗ ржПржЗржЯрж╛ ржПржХржЯрж╛ ржкрзБрж░рж╛ржЗ ржмрж╛ржЬрзЗ ржирж╛ржЯржХ  рждржмрзЗ ржпржжрж┐ ржирзЗрж╣рж╛рзО ржоржЬрж╛ ржПржмржВ ржмрж┐ржирзЛржжржи ржПрж░ ржЙржжрзНржжрзЗрж╢рзНржпрзЗ ржХрж░рж╛ рж╣рзЯ рждрж╛рж╣рж▓рзЗ ржмрж▓ржмрзЛ ржирждрзБржи ржПржХржЯрж╛ ржХрж╛рж╣рж┐ржирзА ,0
ржПржоржи ржирж╛ржЯржХ ржЖржЬ рж╕ржорж╛ржЬрзЗрж░ ржорж╛ржЭрзЗ ржмрзНрж░рзЗржХрж╛ржк ржЖржмрж┐ржЬрж╛ржмрж┐ ржХржерж╛ ржмрж▓рзЗ ржЫрзЗрж▓рзЗржорзЗрзЯрзЗ ржорж╛ ржмрж╛ржмрж╛рж░ ржЕржмрж╛ржжрзНржп рж╣рзЯрзЗ ржирж╛ржирж╛ржи ржЕржкржХрж░рзНржо ржХрж░ржЫрзЗ,0
ржПржЗ ржЬрзБржЯрж┐ ржЯрж╛ ржмрж░рж╛ржмрж░рж┐ ржЕрж╕рж╛ржзрж╛рж░ржи ржирж┐рж╕рзБ ржнрж╛ржЗ ржЖржорж╛ржжрзЗрж░ ржЯрж╛ржВржЧрж╛ржЗрж▓рзЗрж░ ржнрж╛рж▓ржмрж╛рж╕рж╛ ржЯрж╛ржВржЧрж╛ржЗрж▓рзЗрж░ рждрж░рзА ржмрзНржпрж╛ржирзНржбрзЗрж░ ржкржХрзНрж╖ ржерзЗржХрзЗ ,1
ржЧрж▓рзНржкржЯрж╛ ржЕржирзЗржХ рж╕рзБржирзНржжрж░ рж╣рзЯрзЗржЫрзЗ ,1
ржжрзБржЗржЯрж╛ржЗ рж╣рж╛рж░рж╛ржоржЬрж╛ржжрж╛,0
ржЖрж░рзЛ ржП рж░ржХржо ржЧрж▓ржк ржЪрж╛ржЗ,1
ржкрзБрж░рж╛ржЗ ржлрж╛рж▓рждрзБ ржирж╛ржЯржХ    ржПржЗржЯрж╛ ржирж╛ ржХрзЛржирзЛ ржХржорзЗржбрж┐рзЯрж╛ржи ржирж╛ржЯржХ ржирж╛ ржХрзЛржирзЛ рж╢рж┐ржХрзНрж╖рж╛ ржорзВрж▓ржХ ржирж╛ржЯржХ     ржнрж╛ржЗ ржЖржкржирж╛рж░ ржХрж╛ржЫрзЗ ржЖрж╢рж╛ ржХрж░рж┐ ржЖрж░рзЛ ржнрж╛рж▓ ржирж╛ржЯржХ ржЙржкрж╣рж╛рж░ ржжрж┐ржмрзЗржи  ,0
ржирж┐рж╢рзЛ рждрзБржорж┐ boss рж╕рзЗрж░рж╛,1
ржЖрж░рж┐рзЯрж╛ржи ржнрж╛ржЗ ржЖржкржирж╛рж░ рж▓рзЗржЦрж╛ рж╕ржмржЪрж╛ржЗрждрзЗ рж╕рзВржиржжрж░ ржирж╛ржЯржХ ржЖржорж╛рж░ ржжрзЗржЦрж╛ рж╕рзЗрж░рж╛ ржирж╛ржЯржХ ржЖржорж╛ржжрзЗрж░ржХрзЗ рж╕рзБржирзНржжрж░ ржирж╛ржЯржХ ржУржкрж╣рж╛рж░ ржжрзЗржУрзЯрж╛рж░ ржзржирзНржпржмрж╛ржж ржЖржкржирж╛ржХрзЗ,1
ржПржЗ ржИржжрзЗрж░ ржЧрзНрж░рж╛ржорзЗрж░ ржирж╛ржЯржХрзЗрж░ ржоржзрзЗ рж╕рзЗрж░рж╛ ржирж╛ржЯржХ рж╣ржЪрзНржЫрзЗ ржПржЗржЯрж╛ржЗ ржЬрзЯрзЗржи ржлрзНржпрзЗржорзЗрж▓рзА....... ржмрзНржпрж╛ржЪрж╛рж▓рж╛рж░ ржИржж ..ржЕрж╕рж╛ржзрж╛рж░ржг ржжрзБржЯрж┐ ржирж╛ржЯржХ,1
ржорзЛрж╢рж╛рж░ржл ржХрж░рж┐ржоржХрзЗ ржнрж╛рж▓ рж▓рж╛ржЧрзЗ ржирж╛   ржирж╛ржХрж┐ ржирж╛ржЯржХ ржнрж╛рж▓ рж▓рж╛ржЧрзЗ ржирж╛   ,0
ржЫрзЛржЯ ржмрзЗрж▓рж╛рзЯ ржерзЗржХрзЗ ржкрж╛ржХржирж╛ ржорзЗрзЯрзЗржЯрж╛ рж░ржмрзАржирзНржжрзНрж░ржирж╛рждрзЗрж░ ржмржЗ ржкрзЬрзЗ  ,0
ржПржХржХржерж╛рзЯ ржЕрж╕рж╛ржзрж╛рж░ржг  ржлрж╛рж▓рждрзБ  рж╣рзЯрзЗржЫрзЗ ржпрж╛ ржмрж▓рж╛рж░ ржнрж╛рж╖рж╛ ржирзЗржЗ!!!!,0
ржирж┐рж╢рзЛ ржнрж╛ржЗрзЯрзЗрж░ ржирж╛ржЯржХ рждрж╛ржЗ ржирж╛ ржжрзЗржЦрзЗржЗ рж▓рж╛ржЗржХ ржарзБржХрзЗ ржжрж┐рзЯрзЗржЫрж┐рж▓рж╛ржо ржмрж╛ржЯ ржжрзЗржЦрж╛рж░ ржкрж░ ржЖржирж▓рж╛ржЗржХ ржжрж┐рждрзЗ ржмрж╛ржзрзНржп рж╣рж▓рж╛ржо,0
ржЖрж░ ржирж╛ржЯржХрзЗрж░ рж▓рзЗржЦржХ ржХрзЗ рж▓рж╛ржн рж▓рж╛ржн рж▓рж╛ржн ржЖрж░ ржмрж╕ржХрзЗ ржХрж┐ ржмрж▓ржм рж╕рзЗ рждрзЛ ржХрзЛржи рждрзБрж▓ржирж╛ ржирзЗржЗ ржирж╛ ржжрзЗржЦрж▓рзЗ ржХрзЗржи ржпрзЗржи ржоржиржЯрж╛ ржЖржиржЪрж╛ржи ржЖржиржЪрж╛ржи ржХрж░рзЗ ржЖржорж╛рж░ ржирж╛ржЯржХ ржЬржЧрждрзЗрж░ рж╕рзЗрж░рж╛ рж╣рж┐рж░рзЛ ржЖрж░ржлрж╛ржи ржирж┐рж╢рзЛ ржирж╛ржЯржХржЯрж┐ ржЖржорж╛рж░ ржЬрзАржмржирзЗрж░ рж╕рж╛ржерзЗ ржЕржзрж┐ржХрж╛ржВрж╢ ржорж┐рж▓рзЗ ржЧрзЗржЫрзЗ ржХрж┐ржирзНрждрзБ ржкрж╛ржУржпрж╝рж╛ржЯрж╛ ржЖржорж┐ ржирж┐ржЬрзЗржЗ ржЧрзНрж░рж╣ржг ржХрж░рзЗ ржирзЗржЗ ржирж┐ ржмрзНрж░рзЗржХржЖржк ржирж┐ржЬ ржерзЗржХрзЗржЗ ржжрзЗржпрж╝рж╛ рж╣ржпрж╝рзЗржЫрзЗ рждрж╛рж░ ржХрж╛ржирзНржб ржХрж╛рж░ржЦрж╛ржирж╛ ржжрзЗржЦрзЗ ржПржмржВ рж╕рзЗ ржирж┐ржЬрзЗржЗ ржЖрж╕рждрзЗ ржЪрзЗржпрж╝рзЗржЫрж┐рж▓ ржХрж┐ржирзНрждрзБ ржХрж╛рж░рж╛ ржирж╛ рж╣ржпрж╝ржирж┐ ржХрж╛рж░ржг ржмржпрж╝рж╕ ржорж╛рждрзНрж░  ржмрж░рзНрждржорж╛ржирзЗ рж░рж╛ржирж┐ржВ ржЕржнржжрзНрж░ ржЕрж╢рзНрж▓рзАрж▓ ржорзЗржпрж╝рзЗржжрзЗрж░ ржХрж╛ржЫ ржерзЗржХрзЗ ржнрж╛рж▓рзЛржмрж╛рж╕рж╛ ржиржпрж╝ рждрж╛ржжрзЗрж░ ржХрж╛ржЫ ржерзЗржХрзЗ ржжрзВрж░рзЗ ржерж╛ржХрж╛ржЗ ржоржирзЗ ржХрж░рж┐ ржмрзЗржЯрж╛рж░ рж▓рзЛржн-рж▓рж╛рж▓рж╕рж╛ ржПржХржЯрж╛ ржкрзЗржпрж╝рж╛рж░рж╛ рж╕рж╛рж░рж╛ржжрж┐ржи ржкрзНржпрж╛рж░рж╛ ржжрж┐ржпрж╝рзЗ ржерж╛ржХрзЗ ржПржЦржи ржоржирзЗ рж╣ржпрж╝ ржпрзЗ ржЖржХрж╛рж╢рзЗ ржУржбрж╝рзЗ ржмрж╛рждрж╛рж╕рзЗ ржЙржбрж╝рж╛ржЗ ржирж┐ржЬрзЗржХрзЗ ржирж┐ржЬрзЗ ржПржХржЯрзБржУ ржУ рж░рж╛рждрзЗ ржЪрзЗрж╖рзНржЯрж╛ ржХрж░рзЗ ржЖрж░рзЛ ржУрж░рж┐,0
ржЕржирзЗржХ ржнрж╛рж▓ рж▓рж╛ржЧрж▓рзЛ,1
ржкрж╛ржЬрж┐рж▓ ржбрж┐рж░рзЗржХрзНржЯрж░ ..,0
YouTube ржП ржнрж╛ржжрж╛ржЗржорж╛рж░ ржЕржнрж┐ржирзАржд ржЕржирзЗржХржЧрзБрж▓рзЛ ржЕрж╢рж╛рж▓рзАржи ржЪрж░рж┐рждрзНрж░ ржЖржЫрзЗ   рж╢рж╛ржорзАржо рж╣рж╛рж╕рж╛ржи рж╕рж░ржХрж╛рж░ ржжрж┐ржи ржжрж┐ржи ржПрж░ржХржо рж╣ржпрж╝рзЗ ржпрж╛ржЪрзНржЫрзЗржЖржоржЬржирждрж╛рж░ рж╢рж╛ржорзАржо ржнрж╛ржЗ ржПржмрж╛рж░ ржПржХржЯрзБ ржжржпрж╝рж╛ржХрж░рзЗ ржерж╛ржорзЗржи,0
ржжрзБрж░рзНржжрж╛ржирзНржд ржЕржкрзВрж░рзНржм ржнрж╛ржЗрзЯрж╛.....,1
ржПрждрзЛ рж╕рзБржирзНржжрж░ ржПржХржЯрж╛ ржирж╛ржЯржХ ржЙржкрж╣рж╛рж░ ржжрзЗржУрзЯрж╛рж░ ржЬржирзНржп  ржПрждрзЗ ржЕржирзЗржХ ржХрж┐ржЫрзБ рж╢рж┐ржЦрж╛рж░ ржЖржЫрзЗ  ржЦрзБржм ржнрж╛рж▓рзЛ рж▓рж╛ржЧржЫрзЗ  ржирж┐рж╢рзБ ржнрж╛ржЗ ржУ ржорзЗрж╣ржЬрзЗржмрзАржи ржЖржкрзБрж░ ржЬрзБржЯрж┐ ржЕрж╕рж╛ржзрж╛рж░ржи,1
ржпржжрж┐ рзз ржЯрж╛рж░ ржмрзЗрж╢рж┐ рж▓рж╛ржЗржХ ржжрзЗрзЯрж╛ ржпрзЗрждрзЛ ржЖржорж┐ ржПржХрж╛ржЗ рззрзжрзжржХрзЛржЯрж┐ рж▓рж╛ржЗржХ ржжрж┐рждрж╛ржо    ,1
ржЕрж╕рж╛ржзрж╛рж░ржг ржирж╛ржЯржХ ,1
ржлрж╛рж▓рждрзБ ржирж╛ржЯржХрзЗрж░ ржЬржирзНржп ржЬрж╛рждрж┐рж░ ржХрж╛ржЫрзЗ ржХрзНрж╖ржорж╛ ржЪрж╛ржУрзЯрж╛ ржЙржЪрж┐ржд,0
рж╕рждрзНржпрж┐ ржЕрж╕рж╛ржзрж╛рж░ржг,1
рззрзо+ ржирж╛ржЯржХ ржоржирзЗ рж╣ржЪрзНржЫрзЗ ржжрзБржжрзБрж░ рждрзЗрж▓ рж▓рж╛ржЧржмрзЗ рж╕рзЛржирж╛ ржорж┐рж▓рж╛рж░ ржорж╛ржЭрзЗ ржирзЗржЗ,0
рж╕рж╛рж▓рж╛ ржЦрж╛ржВржХрж┐рж░ ржкрзБрж▓рж╛ ржкрж░рж┐ржЪрж╛рж▓ржХрзЗрж░ ржорж╛рзЯрж░рзЗ ржЪрзБржжрж┐ ржПржЗрж░ржХржо ржирж╛ржЯржХ ржжрзЗржУрзЯрж╛рж░ ржЬржирзНржп,0
рж╣рзБржо  ржЦрзБржм ржнрж╛рж▓рзЛ рж▓рж╛ржЧрж▓рзЛ   рж╕рждрзНржпрж┐ ржнрж╛рж▓рзЛржмрж╛рж╕рж╛рзЯ ржпржжрж┐ ржХрж╛рж░рзЛ ржПржХржЯрзБ рж╕рж╛ржкрзЛржЯ ржерж╛ржХрзЗ рждрж╛рж╣рж▓рзЗ рж╕ржм рж╕ржорзНржнржм  ,1
ржирж╛ржЯржХ ржЯрж╛ ржнрж╛рж▓рзЛ рж▓рж╛ржЧржЫрзЗ  ржорж┐ржирж┐ржЯрзЗрж░ ржпрзЗ ржЕржВрж╢ржЯрзБржХрзБ ржЕржирзЗржХ ржнрж╛рж▓рзЛ рж▓рж╛ржЧржЫрзЗ рж╢рзЗрж╖рзЗрж░ ржкрж░рзНржм ржжрзЗржЦрзЗ ржПржХржЯрзБ ржЦрж╛рж░рж╛ржк рж▓рж╛ржЧрж▓рзЛ ржПрж░ржХржо ржирж╛ржЯржХ ржЖрж░рзЛ ржЪрж╛ржЗ,1
ржирж╛ржЯржХржЯрж╛ ржпрждржЯрзБржХрзБ ржЦрж╛рж░рж╛ржк ржЫрж┐рж▓  рждрж╛рж░ ржерзЗржХрзЗ ржмрзЗрж╢рж┐ ржнрж╛рж▓рзЛ ржЫрж┐рж▓ рж╢рзЗрж╖рзЗрж░ ржХржерж╛ ржЧрзБрж▓рзЛ!,0